sample_name,exp_component_name,cl.sep,PE-A Mean,FSC-A Mean,SSC-A Mean,DAPI-A Mean,cluster,cluster_type
F1S4_170118_004_E01,SM-D9D7S_S29_E1-50,0.650100259,3055,44810,9073,9056,Inh L1-4 LAMP5 LCP2,inh
F1S4_170125_069_F01,SM-D9D7F_S22_E1-50,0.630865734,1770,58551,14292,8401,Inh L1-4 LAMP5 LCP2,inh
F1S4_170207_048_A01,SM-D9D7J_S73_E1-50,0.642934032,972,54664,11064,8047,Inh L1-4 LAMP5 LCP2,inh
F1S4_170215_071_D01,SM-D9D6S_S92_E1-50,0.628485966,1877,29711,8087,8940,Inh L1-4 LAMP5 LCP2,inh
F1S4_170321_054_D01,SM-D9D8Y_S44_E1-50,0.628262233,NA,NA,NA,NA,Inh L1-4 LAMP5 LCP2,inh
F1S4_170321_060_G01,SM-D9E5G_S15_E1-50,0.628115188,2465,61495,16698,5109,Inh L1-4 LAMP5 LCP2,inh
F1S4_170322_010_B01,SM-D9D8W_S90_E1-50,0.641176527,2631,49967,10483,4376,Inh L1-4 LAMP5 LCP2,inh
F1S4_170117_066_B01,SM-D9CZX_S34_E1-50,0.603351383,1284,44923,12038,8847,Inh L1-3 SST CALB1,inh
F1S4_170125_018_A01,SM-D9D16_S25_E1-50,0.607979731,730,58562,16076,8918,Inh L1-3 SST CALB1,inh
F1S4_170125_035_A01,SM-D9D6V_S33_E1-50,0.599335459,1160,60765,9528,9500,Inh L1-3 SST CALB1,inh
F1S4_170125_049_C01,SM-D9D6P_S51_E1-50,0.613349068,528,52598,11917,8882,Inh L1-3 SST CALB1,inh
F1S4_170207_018_F01,SM-D9D7L_S46_E1-50,0.602407986,578,60688,10843,9134,Inh L1-3 SST CALB1,inh
F1S4_170207_026_E01,SM-D9D8L_S29_E1-50,0.604401495,2974,42541,20121,8990,Inh L1-3 SST CALB1,inh
F1S4_170321_056_G01,SM-D9D91_S39_E1-50,0.607171762,2813,40522,12412,4898,Inh L1-3 SST CALB1,inh
F1S4_170322_009_F01,SM-D9D8W_S86_E1-50,0.606211198,NA,NA,NA,NA,Inh L1-3 SST CALB1,inh
F1S4_170322_023_E01,SM-D9D92_S53_E1-50,0.604962742,NA,NA,NA,NA,Inh L1-3 SST CALB1,inh
F1S4_170118_116_D01,SM-D9CZW_S44_E1-50,0.655201696,1200,45310,8019,9424,Inh L3-5 SST ADGRG6,inh
F1S4_170222_088_B01,SM-D9D7T_S42_E1-50,0.671161422,2585,64866,9993,9629,Inh L3-5 SST ADGRG6,inh
F1S4_170222_101_E01,SM-D9D81_S37_E1-50,0.602854134,1216,45112,7747,8717,Inh L3-5 SST ADGRG6,inh
F1S4_170302_094_C01,SM-D9D89_S19_E1-50,0.67337642,NA,52852,9837,8496,Inh L3-5 SST ADGRG6,inh
F1S4_170323_040_B01,SM-D9E4N_S34_E1-50,0.615714359,2153,35470,5804,4106,Inh L3-5 SST ADGRG6,inh
F1S4_170419_031_G01,SM-D9E5Z_S71_E1-50,0.582712473,2623,17044,5065,5256,Inh L3-5 SST ADGRG6,inh
F1S4_170419_032_E01,SM-D9E5Z_S77_E1-50,0.667618699,1322,26770,4238,5109,Inh L3-5 SST ADGRG6,inh
F1S4_170419_033_E01,SM-D9EQ8_S37_E1-50,0.598801897,1246,20712,5312,5052,Inh L3-5 SST ADGRG6,inh
F1S4_170419_050_E01,SM-D9EQ3_S45_E1-50,0.63075726,NA,NA,NA,NA,Inh L3-5 SST ADGRG6,inh
F1S4_170419_050_F01,SM-D9EQ3_S46_E1-50,0.599481701,1675,23696,4141,5780,Inh L3-5 SST ADGRG6,inh
F1S4_170118_005_G01,SM-D9D7T_S23_E1-50,0.825204462,1487,46790,8972,9184,Inh L1-2 SST BAGE2,inh
F1S4_170125_010_F01,SM-D9CZY_S30_E1-50,0.823153188,486,45449,10341,9505,Inh L1-2 SST BAGE2,inh
F1S4_170207_019_C01,SM-D9D8A_S11_E1-50,0.820957119,810,49934,10133,8869,Inh L1-2 SST BAGE2,inh
F1S4_170321_030_B01,SM-D9D96_S10_E1-50,0.823800295,1315,45380,19524,6150,Inh L1-2 SST BAGE2,inh
F1S4_170406_116_E01,SM-D9E5L_S85_E1-50,0.836309351,1004,33430,8884,4557,Inh L1-2 SST BAGE2,inh
F1S4_170406_117_A01,SM-D9E5L_S89_E1-50,0.821960265,NA,NA,NA,NA,Inh L1-2 SST BAGE2,inh
F1S4_170406_118_B01,SM-D9E5M_S82_E1-50,0.835535836,NA,NA,NA,NA,Inh L1-2 SST BAGE2,inh
F1S4_170406_119_B01,SM-D9E5M_S90_E1-50,0.819682794,NA,NA,NA,NA,Inh L1-2 SST BAGE2,inh
F1S4_170413_128_A01,SM-D9E5Y_S41_E1-50,0.821274392,NA,NA,NA,NA,Inh L1-2 SST BAGE2,inh
F1S4_170413_131_A01,SM-D9E5Z_S49_E1-50,0.822484975,NA,NA,NA,NA,Inh L1-2 SST BAGE2,inh
F1S4_170125_002_C01,SM-D9D11_S11_E1-50,0.534314997,1429,52970,12562,8804,Inh L1-2 GAD1 MC4R,inh
F1S4_170207_016_G01,SM-D9D7K_S63_E1-50,0.536925782,635,47268,9687,8264,Inh L1-2 GAD1 MC4R,inh
F1S4_170215_002_C01,SM-D9E5G_S03_E1-50,0.581377787,1056,40288,11478,8908,Inh L1-2 GAD1 MC4R,inh
F1S4_170321_005_G01,SM-D9D8X_S23_E1-50,0.56609286,1652,47929,14342,5284,Inh L1-2 GAD1 MC4R,inh
F1S4_170321_007_C01,SM-D9D8Y_S03_E1-50,0.576956318,1512,47384,12230,4939,Inh L1-2 GAD1 MC4R,inh
F1S4_170321_008_D01,SM-D9D8Y_S12_E1-50,0.566105353,1713,42380,15639,4914,Inh L1-2 GAD1 MC4R,inh
F1S4_170321_023_C01,SM-D9D93_S03_E1-50,0.538029674,1151,52012,9374,5688,Inh L1-2 GAD1 MC4R,inh
F1S4_170321_026_D01,SM-D9D94_S20_E1-50,0.549616433,2244,41985,14359,6578,Inh L1-2 GAD1 MC4R,inh
F1S4_170321_028_F01,SM-D9D95_S22_E1-50,0.547736409,2232,64109,35312,6783,Inh L1-2 GAD1 MC4R,inh
F1S4_170406_117_C01,SM-D9E5L_S91_E1-50,0.568770924,980,40104,7188,4484,Inh L1-2 GAD1 MC4R,inh
F1S4_170118_004_D01,SM-D9D7S_S28_E1-50,0.78839763,1680,55683,7400,8869,Inh L1-2 PAX6 CDH12,inh
F1S4_170207_025_B01,SM-D9D8L_S18_E1-50,0.793525473,1477,33326,13993,8886,Inh L1-2 PAX6 CDH12,inh
F1S4_170321_006_A01,SM-D9D8X_S25_E1-50,0.778442692,2100,45337,11907,4798,Inh L1-2 PAX6 CDH12,inh
F1S4_170321_006_B01,SM-D9D8X_S26_E1-50,0.800338193,1689,46165,10305,4865,Inh L1-2 PAX6 CDH12,inh
F1S4_170321_014_B01,SM-D9D8Z_S26_E1-50,0.786155498,1673,48506,10310,5474,Inh L1-2 PAX6 CDH12,inh
F1S4_170321_019_B01,SM-D9D92_S02_E1-50,0.803878708,1726,43808,13727,5539,Inh L1-2 PAX6 CDH12,inh
F1S4_170321_021_E01,SM-D9D92_S21_E1-50,0.801696061,1594,44485,13222,5797,Inh L1-2 PAX6 CDH12,inh
F1S4_170321_022_C01,SM-D9D92_S27_E1-50,0.773458062,2190,62167,15805,5685,Inh L1-2 PAX6 CDH12,inh
F1S4_170321_024_E01,SM-D9D93_S13_E1-50,0.793499803,1258,54443,12235,5646,Inh L1-2 PAX6 CDH12,inh
F1S4_170125_090_C01,SM-D9D6Q_S91_E1-50,0.730866929,731,38721,9102,8784,Inh L4-5 SST STK32A,inh
F1S4_170125_091_G01,SM-D9D6T_S15_E1-50,0.745357969,NA,NA,NA,NA,Inh L4-5 SST STK32A,inh
F1S4_170125_094_F01,SM-D9D6T_S38_E1-50,0.768226828,1485,47638,12544,9350,Inh L4-5 SST STK32A,inh
F1S4_170125_100_F01,SM-D9D6W_S62_E1-50,0.753713156,991,46531,14376,8874,Inh L4-5 SST STK32A,inh
F1S4_170222_110_D01,SM-D9D83_S52_E1-50,0.748034228,1270,42992,10943,9530,Inh L4-5 SST STK32A,inh
F1S4_170302_084_G01,SM-D9D82_S79_E1-50,0.745432173,NA,46775,7873,8007,Inh L4-5 SST STK32A,inh
F1S4_170419_032_F01,SM-D9E5Z_S78_E1-50,0.733969401,700,19879,3380,5175,Inh L4-5 SST STK32A,inh
F1S4_170419_046_F01,SM-D9EQ4_S46_E1-50,0.73934936,1664,29435,5862,5466,Inh L4-5 SST STK32A,inh
F1S4_170419_051_H01,SM-D9EQ2_S24_E1-50,0.745181352,961,39724,24153,5762,Inh L4-5 SST STK32A,inh
F1S4_170419_052_H01,SM-D9EQ2_S32_E1-50,0.776322631,486,23034,4361,5637,Inh L4-5 SST STK32A,inh
F1S4_170118_127_C01,SM-D9CZS_S51_E1-50,0.57172587,463,56793,22185,8828,Inh L5-6 SST KLHDC8A,inh
F1S4_170118_128_D01,SM-D9CZD_S92_E1-50,0.555079196,2582,40568,10145,9019,Inh L5-6 SST KLHDC8A,inh
F1S4_170215_137_F01,SM-D9EQG_S22_E1-50,0.670820148,1234,38355,12609,10673,Inh L5-6 SST KLHDC8A,inh
F1S4_170215_143_G01,SM-D9E6M_S31_E1-50,0.489432479,941,43808,9784,10728,Inh L5-6 SST KLHDC8A,inh
F1S4_170215_148_A01,SM-D9E6O_S17_E1-50,0.668085752,2228,28756,11774,11667,Inh L5-6 SST KLHDC8A,inh
F1S4_170323_140_G01,SM-D9D98_S23_E1-50,0.640541899,3076,34092,10643,4818,Inh L5-6 SST KLHDC8A,inh
F1S4_170419_032_H01,SM-D9E5Z_S80_E1-50,0.501688475,876,26729,5176,4962,Inh L5-6 SST KLHDC8A,inh
F1S4_170419_039_F01,SM-D9EQ5_S22_E1-50,0.591752375,558,20920,4303,5305,Inh L5-6 SST KLHDC8A,inh
F1S4_170419_043_D01,SM-D9EQ4_S20_E1-50,0.488426079,NA,NA,NA,NA,Inh L5-6 SST KLHDC8A,inh
F1S4_170118_123_G01,SM-D9D15_S07_E1-50,0.476946602,2186,75628,14270,10463,Inh L4-6 SST B3GAT2,inh
F1S4_170118_131_A01,SM-D9CZO_S89_E1-50,0.479178611,1809,38431,8884,8049,Inh L4-6 SST B3GAT2,inh
F1S4_170118_146_C01,SM-D9CZX_S91_E1-50,0.457922463,703,54394,5190,8210,Inh L4-6 SST B3GAT2,inh
F1S4_170125_090_A01,SM-D9D6Q_S89_E1-50,0.475905411,NA,NA,NA,NA,Inh L4-6 SST B3GAT2,inh
F1S4_170125_123_B01,SM-D9D75_S18_E1-50,0.523779969,1669,59927,9612,9422,Inh L4-6 SST B3GAT2,inh
F1S4_170215_101_F01,SM-D9D7F_S94_E1-50,0.474863104,466,31549,5832,9039,Inh L4-6 SST B3GAT2,inh
F1S4_170215_149_A01,SM-D9E6O_S25_E1-50,0.472536898,NA,NA,NA,NA,Inh L4-6 SST B3GAT2,inh
F1S4_170215_153_F01,SM-D9E6Q_S06_E1-50,0.467671452,NA,NA,NA,NA,Inh L4-6 SST B3GAT2,inh
F1S4_170419_051_D01,SM-D9EQ2_S20_E1-50,0.471766222,NA,NA,NA,NA,Inh L4-6 SST B3GAT2,inh
F1S4_170419_052_F01,SM-D9EQ2_S30_E1-50,0.476111094,2201,16589,5824,5964,Inh L4-6 SST B3GAT2,inh
F1S4_170125_015_A01,SM-D9D11_S25_E1-50,0.67241869,650,55578,10004,8505,Inh L1-3 VIP ADAMTSL1,inh
F1S4_170125_065_E01,SM-D9D7E_S13_E1-50,0.684617016,1292,49327,13376,8573,Inh L1-3 VIP ADAMTSL1,inh
F1S4_170207_034_C01,SM-D9D8N_S11_E1-50,0.689237429,1814,60533,9394,9188,Inh L1-3 VIP ADAMTSL1,inh
F1S4_170207_034_G01,SM-D9D8N_S15_E1-50,0.714430664,1555,56948,17890,9270,Inh L1-3 VIP ADAMTSL1,inh
F1S4_170215_143_D01,SM-D9E6M_S28_E1-50,0.707802798,432,27092,9708,10415,Inh L1-3 VIP ADAMTSL1,inh
F1S4_170302_002_E01,SM-D9D7Z_S61_E1-50,0.702143804,667,58530,10892,8833,Inh L1-3 VIP ADAMTSL1,inh
F1S4_170302_086_A01,SM-D9D82_S89_E1-50,0.672415833,NA,61814,10610,8388,Inh L1-3 VIP ADAMTSL1,inh
F1S4_170321_008_G01,SM-D9D8Y_S15_E1-50,0.687268302,1534,42148,11015,5372,Inh L1-3 VIP ADAMTSL1,inh
F1S4_170321_022_D01,SM-D9D92_S28_E1-50,0.703510089,2810,73919,20233,5965,Inh L1-3 VIP ADAMTSL1,inh
F1S4_170321_036_G01,SM-D9D8L_S71_E1-50,0.676534314,1803,42008,18285,7027,Inh L1-3 VIP ADAMTSL1,inh
F1S4_170117_004_F01,SM-D9D6S_S06_E1-50,0.672668917,2215,44677,22228,10354,Inh L1-3 VIP GGH,inh
F1S4_170117_066_E01,SM-D9CZX_S37_E1-50,0.675952865,1773,46201,12613,12081,Inh L1-3 VIP GGH,inh
F1S4_170125_042_A01,SM-D9D6Y_S41_E1-50,0.686104387,1293,51177,11645,8914,Inh L1-3 VIP GGH,inh
F1S4_170125_044_D01,SM-D9CZS_S92_E1-50,0.716213802,2545,86810,17162,10341,Inh L1-3 VIP GGH,inh
F1S4_170207_010_B01,SM-D9D7I_S50_E1-50,0.699686039,1606,35805,11208,8420,Inh L1-3 VIP GGH,inh
F1S4_170207_010_F01,SM-D9D7I_S54_E1-50,0.729397468,2063,61726,17126,9525,Inh L1-3 VIP GGH,inh
F1S4_170207_016_C01,SM-D9D7K_S59_E1-50,0.692512574,1530,50621,16791,9473,Inh L1-3 VIP GGH,inh
F1S4_170207_052_G01,SM-D9D7L_S71_E1-50,0.685004361,5888,60823,24240,8877,Inh L1-3 VIP GGH,inh
F1S4_170323_053_B01,SM-D9E5H_S42_E1-50,0.723756229,1332,45700,16980,4926,Inh L1-3 VIP GGH,inh
F1S4_170413_131_G01,SM-D9E5Z_S55_E1-50,0.717604413,NA,NA,NA,NA,Inh L1-3 VIP GGH,inh
F1S4_170118_002_A01,SM-D9D7R_S01_E1-50,0.354482779,2003,48103,15023,8819,Inh L1-2 LAMP5 DBP,inh
F1S4_170207_003_F01,SM-D9D7F_S86_E1-50,0.336630344,801,47797,8437,9520,Inh L1-2 LAMP5 DBP,inh
F1S4_170321_015_E01,SM-D9D91_S05_E1-50,0.381530017,1471,63445,8144,5816,Inh L1-2 LAMP5 DBP,inh
F1S4_170321_023_F01,SM-D9D93_S06_E1-50,0.367263818,1222,45340,11255,5645,Inh L1-2 LAMP5 DBP,inh
F1S4_170322_003_F01,SM-D9D8W_S54_E1-50,0.348577829,2260,53957,12305,4899,Inh L1-2 LAMP5 DBP,inh
F1S4_170322_006_E01,SM-D9D8M_S85_E1-50,0.350224342,2438,52662,16451,4999,Inh L1-2 LAMP5 DBP,inh
F1S4_170117_042_F01,SM-D9D6W_S14_E1-50,0.670409159,5252,115482,18629,12310,Inh L2-4 VIP CBLN1,inh
F1S4_170117_066_D01,SM-D9CZX_S36_E1-50,0.583286847,2163,48289,16217,8916,Inh L2-4 VIP CBLN1,inh
F1S4_170125_007_B01,SM-D9CZG_S82_E1-50,0.480100447,4145,60837,17071,9488,Inh L2-4 VIP CBLN1,inh
F1S4_170215_071_G01,SM-D9D6S_S95_E1-50,0.62424785,1061,42310,9615,9314,Inh L2-4 VIP CBLN1,inh
F1S4_170222_107_F01,SM-D9D83_S30_E1-50,0.615766091,1497,43556,17772,9316,Inh L2-4 VIP CBLN1,inh
F1S4_170419_038_H01,SM-D9EQ6_S48_E1-50,0.533403105,1254,27356,4973,5332,Inh L2-4 VIP CBLN1,inh
F1S4_170207_005_B01,SM-D9D7H_S82_E1-50,0.58472473,1558,59722,26315,10548,Inh L1-2 VIP PCDH20,inh
F1S4_170207_008_A01,SM-D9D7I_S25_E1-50,0.533898316,1156,52970,12235,7913,Inh L1-2 VIP PCDH20,inh
F1S4_170207_045_D01,SM-D9D7I_S76_E1-50,0.485851264,2517,64405,17125,8247,Inh L1-2 VIP PCDH20,inh
F1S4_170302_024_A01,SM-D9D7I_S81_E1-50,0.535778039,888,48165,11196,8215,Inh L1-2 VIP PCDH20,inh
F1S4_170321_013_B01,SM-D9D8Z_S18_E1-50,0.520302117,1380,41869,15206,5676,Inh L1-2 VIP PCDH20,inh
F1S4_170321_013_E01,SM-D9D8Z_S21_E1-50,0.59389736,2072,44835,12007,5952,Inh L1-2 VIP PCDH20,inh
F1S4_170321_014_E01,SM-D9D8Z_S29_E1-50,0.541639501,1537,47602,13153,5528,Inh L1-2 VIP PCDH20,inh
F1S4_170321_029_B01,SM-D9D96_S02_E1-50,0.55386557,1821,42561,19144,6349,Inh L1-2 VIP PCDH20,inh
F1S4_170322_003_B01,SM-D9D8W_S50_E1-50,0.552819127,2532,73918,22217,4895,Inh L1-2 VIP PCDH20,inh
F1S4_170125_081_B01,SM-D9D12_S34_E1-50,0.501590882,2090,43661,6939,8814,Inh L2-5 VIP TYR,inh
F1S4_170125_093_F01,SM-D9D6T_S30_E1-50,0.412251126,671,57601,10585,9158,Inh L2-5 VIP TYR,inh
F1S4_170125_099_G01,SM-D9D6W_S55_E1-50,0.513824449,1888,57751,13038,9815,Inh L2-5 VIP TYR,inh
F1S4_170125_105_D01,SM-D9CZR_S92_E1-50,0.504740318,NA,NA,NA,NA,Inh L2-5 VIP TYR,inh
F1S4_170302_080_C01,SM-D9D7Z_S91_E1-50,0.307001848,NA,62564,11856,8492,Inh L2-5 VIP TYR,inh
F1S4_170321_064_D01,SM-D9E5M_S04_E1-50,0.585779363,2635,62782,13395,5184,Inh L2-5 VIP TYR,inh
F1S4_170323_038_C01,SM-D9E4N_S19_E1-50,0.502404872,1897,49316,7737,4372,Inh L2-5 VIP TYR,inh
F1S4_170419_047_F01,SM-D9EQ3_S22_E1-50,0.613931295,908,28019,4714,5356,Inh L2-5 VIP TYR,inh
F1S4_170125_019_E01,SM-D9D16_S37_E1-50,0.60076096,NA,NA,NA,NA,Inh L2-5 VIP SERPINF1,inh
F1S4_170125_064_F01,SM-D9D7D_S22_E1-50,0.609702894,1167,40157,10288,9033,Inh L2-5 VIP SERPINF1,inh
F1S4_170125_079_C01,SM-D9D11_S43_E1-50,0.482028,609,50915,10990,8954,Inh L2-5 VIP SERPINF1,inh
F1S4_170207_008_B01,SM-D9D7I_S26_E1-50,0.317882594,667,49642,14894,8508,Inh L2-5 VIP SERPINF1,inh
F1S4_170207_054_D01,SM-D9CZV_S76_E1-50,0.598132156,1174,38723,9810,8439,Inh L2-5 VIP SERPINF1,inh
F1S4_170222_107_G01,SM-D9D83_S31_E1-50,0.47112422,975,47681,9857,8824,Inh L2-5 VIP SERPINF1,inh
F1S4_170419_039_H01,SM-D9EQ5_S24_E1-50,0.535483599,934,23375,3877,5436,Inh L2-5 VIP SERPINF1,inh
F1S4_170419_053_E01,SM-D9EQ2_S37_E1-50,0.653846931,1506,21448,3221,5688,Inh L2-5 VIP SERPINF1,inh
F1S4_170118_162_A01,SM-D9D6Q_S25_E1-50,0.749949313,3256,46958,13771,9863,Inh L3-6 SST HPGD,inh
F1S4_170125_083_D01,SM-D9D16_S60_E1-50,0.656943149,1490,64727,12039,9338,Inh L3-6 SST HPGD,inh
F1S4_170125_111_B01,SM-D9D6X_S58_E1-50,0.689092859,2440,62484,12711,9745,Inh L3-6 SST HPGD,inh
F1S4_170125_118_D01,SM-D9D74_S04_E1-50,0.725676839,927,47668,9542,9479,Inh L3-6 SST HPGD,inh
F1S4_170302_082_C01,SM-D9D81_S75_E1-50,0.686157255,NA,48793,18065,8942,Inh L3-6 SST HPGD,inh
F1S4_170321_060_A01,SM-D9E5G_S09_E1-50,0.748772101,4589,56164,18449,4880,Inh L3-6 SST HPGD,inh
F1S4_170117_042_G01,SM-D9D6W_S15_E1-50,0.455594097,622,51848,17432,10212,Inh L3-6 VIP HS3ST3A1,inh
F1S4_170125_047_A01,SM-D9D17_S41_E1-50,0.518207995,938,53458,11136,7849,Inh L3-6 VIP HS3ST3A1,inh
F1S4_170125_108_A01,SM-D9D6U_S41_E1-50,0.559411185,NA,NA,NA,NA,Inh L3-6 VIP HS3ST3A1,inh
F1S4_170215_071_E01,SM-D9D6S_S93_E1-50,0.514780185,777,27809,8725,9358,Inh L3-6 VIP HS3ST3A1,inh
F1S4_170215_135_D01,SM-D9EQG_S04_E1-50,0.487260183,813,32053,8581,10465,Inh L3-6 VIP HS3ST3A1,inh
F1S4_170222_093_H01,SM-D9D7U_S72_E1-50,0.476956913,383,47975,9451,9653,Inh L3-6 VIP HS3ST3A1,inh
F1S4_170302_107_B01,SM-D9D8B_S50_E1-50,0.533366215,NA,52789,10494,8649,Inh L3-6 VIP HS3ST3A1,inh
F1S4_170308_053_G01,SM-D9D7S_S95_E1-50,0.550603477,3789,60266,17387,9099,Inh L3-6 VIP HS3ST3A1,inh
F1S4_170419_040_G01,SM-D9EQ5_S31_E1-50,0.522002536,679,20119,5461,5349,Inh L3-6 VIP HS3ST3A1,inh
F1S4_170419_054_F01,SM-D9EQ2_S46_E1-50,0.482285738,NA,NA,NA,NA,Inh L3-6 VIP HS3ST3A1,inh
F1S4_170118_118_E01,SM-D9CZX_S53_E1-50,0.550940907,3439,48680,12513,10630,Inh L5-6 SST NPM1P10,inh
F1S4_170118_152_G01,SM-D9D15_S31_E1-50,0.504840726,1220,56486,9062,9379,Inh L5-6 SST NPM1P10,inh
F1S4_170118_162_E01,SM-D9D6Q_S29_E1-50,0.513625785,909,42326,8153,8812,Inh L5-6 SST NPM1P10,inh
F1S4_170125_121_F01,SM-D9D75_S06_E1-50,0.464630896,1462,43714,11802,9728,Inh L5-6 SST NPM1P10,inh
F1S4_170125_126_E01,SM-D9D76_S21_E1-50,0.48681475,1339,50405,12209,10092,Inh L5-6 SST NPM1P10,inh
F1S4_170215_128_F01,SM-D9E5I_S14_E1-50,0.461760805,434,47708,12545,10723,Inh L5-6 SST NPM1P10,inh
F1S4_170215_130_G01,SM-D9E64_S15_E1-50,0.506321821,767,43468,12495,10619,Inh L5-6 SST NPM1P10,inh
F1S4_170215_132_E01,SM-D9E65_S05_E1-50,0.532612994,539,44393,11849,10432,Inh L5-6 SST NPM1P10,inh
F1S4_170215_141_C01,SM-D9E6M_S11_E1-50,0.501404445,663,58449,14350,10818,Inh L5-6 SST NPM1P10,inh
F1S4_170323_135_F01,SM-D9D97_S62_E1-50,0.46347098,2472,52688,13093,4926,Inh L5-6 SST NPM1P10,inh
F1S4_170117_097_F01,SM-D9CZ9_S86_E1-50,0.880059528,10282,129191,34370,12101,Inh L5-6 PVALB LGR5,inh
F1S4_170118_133_D01,SM-D9CZR_S44_E1-50,0.828339788,787,48110,7430,8648,Inh L5-6 PVALB LGR5,inh
F1S4_170118_139_D01,SM-D9CZV_S60_E1-50,0.885846242,730,47227,7957,8535,Inh L5-6 PVALB LGR5,inh
F1S4_170118_150_D01,SM-D9D73_S36_E1-50,0.806610566,659,57517,8675,8586,Inh L5-6 PVALB LGR5,inh
F1S4_170125_081_D01,SM-D9D12_S36_E1-50,0.86266123,2710,60880,11272,9388,Inh L5-6 PVALB LGR5,inh
F1S4_170125_125_A01,SM-D9D76_S09_E1-50,0.886883598,986,56789,12830,9553,Inh L5-6 PVALB LGR5,inh
F1S4_170215_126_F01,SM-D9D7H_S94_E1-50,0.840556258,525,39320,9212,9977,Inh L5-6 PVALB LGR5,inh
F1S4_170215_130_D01,SM-D9E64_S12_E1-50,0.859166586,520,28928,7451,9724,Inh L5-6 PVALB LGR5,inh
F1S4_170215_155_E01,SM-D9E6Q_S21_E1-50,0.870073458,2567,54649,14963,11741,Inh L5-6 PVALB LGR5,inh
F1S4_170419_055_H01,SM-D9EQ2_S56_E1-50,0.800757482,2548,22778,5341,6179,Inh L5-6 PVALB LGR5,inh
F1S4_170321_002_A01,SM-D9D8W_S09_E1-50,0.467527639,1544,59396,12005,4818,Inh L1 SST CHRNA4,inh
F1S4_170321_003_E01,SM-D9D8X_S05_E1-50,0.428326868,1802,40381,13392,4954,Inh L1 SST CHRNA4,inh
F1S4_170321_012_G01,SM-D9D8Z_S15_E1-50,0.389455301,1245,58519,7518,5299,Inh L1 SST CHRNA4,inh
F1S4_170321_020_E01,SM-D9D92_S13_E1-50,0.468398913,2445,53255,14964,6314,Inh L1 SST CHRNA4,inh
F1S4_170321_024_B01,SM-D9D93_S10_E1-50,0.379761247,1596,62808,13550,5618,Inh L1 SST CHRNA4,inh
F1S4_170321_029_G01,SM-D9D96_S07_E1-50,0.452395325,1498,60745,16220,6777,Inh L1 SST CHRNA4,inh
F1S4_170321_031_C01,SM-D9D97_S03_E1-50,0.409820879,1306,51403,15491,6439,Inh L1 SST CHRNA4,inh
F1S4_170321_031_D01,SM-D9D97_S04_E1-50,0.417417676,1459,53957,16720,6584,Inh L1 SST CHRNA4,inh
F1S4_170322_002_B01,SM-D9D8T_S34_E1-50,0.438263965,2854,41657,16265,4995,Inh L1 SST CHRNA4,inh
F1S4_170118_006_D01,SM-D9D7U_S20_E1-50,0.425869326,1465,56435,8488,9518,Inh L1 SST NMBR,inh
F1S4_170207_029_E01,SM-D9D8M_S13_E1-50,0.428848457,455,54753,11563,9065,Inh L1 SST NMBR,inh
F1S4_170321_019_E01,SM-D9D92_S05_E1-50,0.425841982,1884,66941,29678,5946,Inh L1 SST NMBR,inh
F1S4_170321_031_G01,SM-D9D97_S07_E1-50,0.428946899,2040,57094,15497,6744,Inh L1 SST NMBR,inh
F1S4_170321_033_E01,SM-D9D97_S21_E1-50,0.427451393,1380,41661,11967,5975,Inh L1 SST NMBR,inh
F1S4_170321_036_A01,SM-D9D8L_S65_E1-50,0.426623014,2280,52707,17912,6431,Inh L1 SST NMBR,inh
F1S4_170322_001_D01,SM-D9D8T_S28_E1-50,0.424843945,1796,53530,18265,5256,Inh L1 SST NMBR,inh
F1S4_170322_002_A01,SM-D9D8T_S33_E1-50,0.432477354,2033,63796,16456,4450,Inh L1 SST NMBR,inh
F1S4_170322_003_E01,SM-D9D8W_S53_E1-50,0.422840713,2220,52232,20308,4896,Inh L1 SST NMBR,inh
F1S4_170322_004_A01,SM-D9D8W_S57_E1-50,0.440272597,2392,56132,14025,4378,Inh L1 SST NMBR,inh
F1S4_170321_015_D01,SM-D9D91_S04_E1-50,0.667133501,1988,54669,13164,5583,Inh L1-2 VIP TSPAN12,inh
F1S4_170321_017_B01,SM-D9D91_S18_E1-50,0.662555105,1724,43073,13301,5477,Inh L1-2 VIP TSPAN12,inh
F1S4_170321_017_E01,SM-D9D91_S21_E1-50,0.655122454,1499,49532,16005,6000,Inh L1-2 VIP TSPAN12,inh
F1S4_170321_019_G01,SM-D9D92_S07_E1-50,0.697277513,1402,44452,12168,5921,Inh L1-2 VIP TSPAN12,inh
F1S4_170321_028_D01,SM-D9D95_S20_E1-50,0.663300937,1304,52199,9682,6586,Inh L1-2 VIP TSPAN12,inh
F1S4_170321_029_D01,SM-D9D96_S04_E1-50,0.686100221,1768,67148,12240,6408,Inh L1-2 VIP TSPAN12,inh
F1S4_170322_002_G01,SM-D9D8T_S39_E1-50,0.69932255,1824,48419,11501,5360,Inh L1-2 VIP TSPAN12,inh
F1S4_170322_004_B01,SM-D9D8W_S58_E1-50,0.683044116,1881,55569,21255,4874,Inh L1-2 VIP TSPAN12,inh
F1S4_170322_005_D01,SM-D9D8W_S68_E1-50,0.685925937,2820,49551,18824,4729,Inh L1-2 VIP TSPAN12,inh
F1S4_170117_097_E01,SM-D9CZ9_S85_E1-50,0.467058565,3457,62581,10289,10137,Inh L5-6 SST MIR548F2,inh
F1S4_170118_132_D01,SM-D9CZR_S36_E1-50,0.547496975,1174,49462,6365,8861,Inh L5-6 SST MIR548F2,inh
F1S4_170118_149_E01,SM-D9D73_S29_E1-50,0.536118703,842,56309,11234,9406,Inh L5-6 SST MIR548F2,inh
F1S4_170125_121_C01,SM-D9D75_S03_E1-50,0.530644583,NA,NA,NA,NA,Inh L5-6 SST MIR548F2,inh
F1S4_170215_137_G01,SM-D9EQG_S23_E1-50,0.519090923,619,29911,8027,10593,Inh L5-6 SST MIR548F2,inh
F1S4_170215_145_F01,SM-D9E6N_S14_E1-50,0.456200902,1115,23341,7625,11516,Inh L5-6 SST MIR548F2,inh
F1S4_170215_154_G01,SM-D9E6Q_S15_E1-50,0.541745904,2532,54145,17545,10276,Inh L5-6 SST MIR548F2,inh
F1S4_170222_020_C01,SM-D9D7U_S27_E1-50,0.47066887,1649,57496,10413,10501,Inh L5-6 SST MIR548F2,inh
F1S4_170222_048_C01,SM-D9D74_S83_E1-50,0.480298713,886,39802,16129,9571,Inh L5-6 SST MIR548F2,inh
F1S4_170419_041_H01,SM-D9EQ5_S40_E1-50,0.474397024,1598,21231,4127,5464,Inh L5-6 SST MIR548F2,inh
F1S4_170118_003_C01,SM-D9D7R_S19_E1-50,0.589879506,1751,48778,11808,10479,Inh L1-2 VIP LBH,inh
F1S4_170125_004_B01,SM-D9D12_S10_E1-50,0.591245461,2128,54460,18808,9502,Inh L1-2 VIP LBH,inh
F1S4_170125_009_C01,SM-D9CZS_S75_E1-50,0.601751394,NA,NA,NA,NA,Inh L1-2 VIP LBH,inh
F1S4_170125_098_G01,SM-D9D6W_S47_E1-50,0.557837751,2691,73222,8837,9885,Inh L1-2 VIP LBH,inh
F1S4_170321_002_E01,SM-D9D8W_S13_E1-50,0.565696564,1230,59465,17116,5104,Inh L1-2 VIP LBH,inh
F1S4_170321_011_E01,SM-D9D8Z_S05_E1-50,0.570734542,2364,47942,14623,5247,Inh L1-2 VIP LBH,inh
F1S4_170321_016_C01,SM-D9D91_S11_E1-50,0.552361159,2911,50936,21372,5836,Inh L1-2 VIP LBH,inh
F1S4_170321_025_G01,SM-D9D94_S15_E1-50,0.551920569,1694,48935,12611,6660,Inh L1-2 VIP LBH,inh
F1S4_170321_034_E01,SM-D9D9F_S05_E1-50,0.57769743,2148,48268,12672,6550,Inh L1-2 VIP LBH,inh
F1S4_170413_129_F01,SM-D9E5Y_S54_E1-50,0.570297117,NA,NA,NA,NA,Inh L1-2 VIP LBH,inh
F1S4_170118_135_G01,SM-D9CZU_S55_E1-50,0.785550422,1978,64923,10109,8788,Inh L4-6 SST GXYLT2,inh
F1S4_170118_144_B01,SM-D9CZX_S74_E1-50,0.744621369,2298,58389,11400,9315,Inh L4-6 SST GXYLT2,inh
F1S4_170118_153_B01,SM-D9D15_S34_E1-50,0.69753878,1324,61775,8771,9330,Inh L4-6 SST GXYLT2,inh
F1S4_170125_093_A01,SM-D9D6T_S25_E1-50,0.685537032,2443,59688,8815,9742,Inh L4-6 SST GXYLT2,inh
F1S4_170125_114_G01,SM-D9D6Y_S71_E1-50,0.709712434,NA,NA,NA,NA,Inh L4-6 SST GXYLT2,inh
F1S4_170215_143_C01,SM-D9E6M_S27_E1-50,0.659886399,1632,63725,14816,11546,Inh L4-6 SST GXYLT2,inh
F1S4_170215_152_C01,SM-D9E6P_S27_E1-50,0.712137553,2471,73199,20937,10155,Inh L4-6 SST GXYLT2,inh
F1S4_170419_035_E01,SM-D9EQ7_S45_E1-50,0.73578016,1912,28919,4957,5221,Inh L4-6 SST GXYLT2,inh
F1S4_170125_016_B01,SM-D9D12_S18_E1-50,0.42835262,1059,51316,12847,8821,Inh L2-3 VIP CASC6,inh
F1S4_170125_023_E01,SM-D9D6P_S29_E1-50,0.312128951,1278,47194,13584,8807,Inh L2-3 VIP CASC6,inh
F1S4_170125_067_E01,SM-D9D7E_S29_E1-50,0.391252395,2775,52475,13059,10012,Inh L2-3 VIP CASC6,inh
F1S4_170321_039_C01,SM-D9D8V_S11_E1-50,0.517866012,4013,59599,19246,4678,Inh L2-3 VIP CASC6,inh
F1S4_170322_012_E01,SM-D9D8U_S45_E1-50,0.475834415,2555,74615,33083,4316,Inh L2-3 VIP CASC6,inh
F1S4_170323_053_C01,SM-D9E5H_S43_E1-50,0.494186569,3612,46915,18023,5154,Inh L2-3 VIP CASC6,inh
F1S4_170117_038_D01,SM-D9D6V_S04_E1-50,0.316899934,2829,27328,10493,10232,Inh L1-4 VIP OPRM1,inh
F1S4_170117_052_G01,SM-D9D6Z_S23_E1-50,0.394543256,2050,73089,15303,11363,Inh L1-4 VIP OPRM1,inh
F1S4_170125_016_F01,SM-D9D12_S22_E1-50,0.381617944,1024,50430,10645,8791,Inh L1-4 VIP OPRM1,inh
F1S4_170125_064_C01,SM-D9D7D_S19_E1-50,0.390820019,2007,52136,10194,8842,Inh L1-4 VIP OPRM1,inh
F1S4_170125_070_D01,SM-D9D7H_S04_E1-50,0.367333257,956,42418,11511,8510,Inh L1-4 VIP OPRM1,inh
F1S4_170419_032_G01,SM-D9E5Z_S79_E1-50,0.412346932,1001,22937,5110,5058,Inh L1-4 VIP OPRM1,inh
F1S4_170125_016_D01,SM-D9D12_S20_E1-50,0.258638655,2011,52957,9423,8762,Inh L2-4 VIP SPAG17,inh
F1S4_170125_068_A01,SM-D9D7F_S01_E1-50,0.296159121,1997,60263,11064,8967,Inh L2-4 VIP SPAG17,inh
F1S4_170207_050_E01,SM-D9D7K_S77_E1-50,0.332136902,742,43070,8453,9527,Inh L2-4 VIP SPAG17,inh
F1S4_170215_071_C01,SM-D9D6S_S91_E1-50,0.318713086,957,29930,9351,9283,Inh L2-4 VIP SPAG17,inh
F1S4_170222_088_D01,SM-D9D7T_S44_E1-50,0.317530736,1912,73117,19589,12713,Inh L2-4 VIP SPAG17,inh
F1S4_170117_046_C01,SM-D9D6X_S19_E1-50,0.27639923,7990,118147,19798,13031,Inh L1-3 VIP CCDC184,inh
F1S4_170117_050_G01,SM-D9D6Z_S07_E1-50,0.33817967,3989,73724,15410,8694,Inh L1-3 VIP CCDC184,inh
F1S4_170118_008_C01,SM-D9CZA_S91_E1-50,0.282749035,1059,45800,11623,9673,Inh L1-3 VIP CCDC184,inh
F1S4_170125_011_E01,SM-D9CZY_S37_E1-50,0.321922929,2541,79707,15700,9308,Inh L1-3 VIP CCDC184,inh
F1S4_170125_039_F01,SM-D9D6X_S38_E1-50,0.406036828,2371,54412,13808,9327,Inh L1-3 VIP CCDC184,inh
F1S4_170207_050_B01,SM-D9D7K_S74_E1-50,0.321821405,2249,54224,14965,9153,Inh L1-3 VIP CCDC184,inh
F1S4_170322_011_C01,SM-D9D8U_S35_E1-50,0.513872908,NA,NA,NA,NA,Inh L1-3 VIP CCDC184,inh
F1S4_170406_114_D01,SM-D9E4L_S76_E1-50,0.354138017,1597,33481,6977,4136,Inh L1-3 VIP CCDC184,inh
F1S4_170117_050_D01,SM-D9D6Z_S04_E1-50,0.854118562,1871,46467,12548,9505,Inh L2-5 PVALB SCUBE3,inh
F1S4_170125_013_B01,SM-D9CZZ_S18_E1-50,0.75288593,486,48103,13913,8751,Inh L2-5 PVALB SCUBE3,inh
F1S4_170125_025_B01,SM-D9D6P_S42_E1-50,0.897290551,2233,71539,11542,9530,Inh L2-5 PVALB SCUBE3,inh
F1S4_170125_025_F01,SM-D9D6P_S46_E1-50,0.793265727,2054,55416,12645,9157,Inh L2-5 PVALB SCUBE3,inh
F1S4_170125_058_F01,SM-D9D79_S14_E1-50,0.823626336,2054,36133,10628,8866,Inh L2-5 PVALB SCUBE3,inh
F1S4_170207_031_A01,SM-D9D8M_S25_E1-50,0.809362666,1963,46217,10300,8337,Inh L2-5 PVALB SCUBE3,inh
F1S4_170215_146_E01,SM-D9E6N_S21_E1-50,0.788997275,615,37812,8543,11036,Inh L2-5 PVALB SCUBE3,inh
F1S4_170222_097_H01,SM-D9D7Z_S40_E1-50,0.769431904,139,59243,16030,9359,Inh L2-5 PVALB SCUBE3,inh
F1S4_170323_044_G01,SM-D9E4P_S23_E1-50,0.81478844,1263,35990,11326,4729,Inh L2-5 PVALB SCUBE3,inh
F1S4_170117_001_D01,SM-D9CZ8_S84_E1-50,0.553235242,3268,72949,20935,11536,Inh L1-3 PAX6 SYT6,inh
F1S4_170302_035_E01,SM-D9D81_S53_E1-50,0.347575219,1189,60152,22533,8088,Inh L1-3 PAX6 SYT6,inh
F1S4_170321_003_F01,SM-D9D8X_S06_E1-50,0.514810783,5684,66529,36217,5431,Inh L1-3 PAX6 SYT6,inh
F1S4_170321_006_D01,SM-D9D8X_S28_E1-50,0.564838109,2402,51557,15310,4992,Inh L1-3 PAX6 SYT6,inh
F1S4_170321_068_D01,SM-D9E57_S20_E1-50,0.513440103,3192,75146,23829,5546,Inh L1-3 PAX6 SYT6,inh
F1S4_170118_146_E01,SM-D9CZX_S93_E1-50,0.873751161,2180,54083,8674,8938,Inh L2-6 LAMP5 CA1,inh
F1S4_170125_024_G01,SM-D9D6P_S39_E1-50,0.867633855,1359,50098,8025,8486,Inh L2-6 LAMP5 CA1,inh
F1S4_170125_085_F01,SM-D9D17_S62_E1-50,0.869939306,1695,67511,14047,8730,Inh L2-6 LAMP5 CA1,inh
F1S4_170125_094_B01,SM-D9D6T_S34_E1-50,0.881824448,1513,46765,15873,9632,Inh L2-6 LAMP5 CA1,inh
F1S4_170321_071_B01,SM-D9E58_S18_E1-50,0.869494367,6424,55054,23768,5542,Inh L2-6 LAMP5 CA1,inh
F1S4_170323_144_G01,SM-D9E5K_S23_E1-50,0.872205209,3369,43129,11044,4717,Inh L2-6 LAMP5 CA1,inh
F1S4_170406_120_D01,SM-D9E57_S92_E1-50,0.873902886,2437,46255,10534,4702,Inh L2-6 LAMP5 CA1,inh
F1S4_170118_109_F01,SM-D9CZU_S30_E1-50,0.814071102,2155,63818,16651,10797,Inh L5-6 SST TH,inh
F1S4_170118_142_F01,SM-D9CZW_S70_E1-50,0.855400721,2263,48881,10450,9044,Inh L5-6 SST TH,inh
F1S4_170419_056_G01,SM-D9EQ1_S39_E1-50,0.841252088,2223,23091,5814,6127,Inh L5-6 SST TH,inh
F1S4_170118_133_G01,SM-D9CZR_S47_E1-50,0.88426585,755,67188,13476,9064,Inh L5-6 GAD1 GLP1R,inh
F1S4_170118_136_F01,SM-D9CZU_S62_E1-50,0.862367134,993,47878,8875,8437,Inh L5-6 GAD1 GLP1R,inh
F1S4_170118_137_A01,SM-D9CZU_S65_E1-50,0.862113831,1103,48090,10239,8759,Inh L5-6 GAD1 GLP1R,inh
F1S4_170118_153_F01,SM-D9D15_S38_E1-50,0.866553818,461,30923,5573,8434,Inh L5-6 GAD1 GLP1R,inh
F1S4_170125_112_B01,SM-D9D6Y_S50_E1-50,0.887048446,NA,NA,NA,NA,Inh L5-6 GAD1 GLP1R,inh
F1S4_170215_140_G01,SM-D9E6L_S23_E1-50,0.794170348,464,33258,9566,10145,Inh L5-6 GAD1 GLP1R,inh
F1S4_170215_158_A01,SM-D9E5Z_S17_E1-50,0.888912355,512,21870,8394,9560,Inh L5-6 GAD1 GLP1R,inh
F1S4_170419_058_F01,SM-D9EQ1_S54_E1-50,0.8270154,2133,17756,4672,5901,Inh L5-6 GAD1 GLP1R,inh
F1S4_170207_054_F01,SM-D9CZV_S78_E1-50,0.6962211,3492,54516,16197,9167,Inh L1-4 VIP CHRNA6,inh
F1S4_170222_092_D01,SM-D9D7U_S60_E1-50,0.626357128,1515,37125,13819,9711,Inh L1-4 VIP CHRNA6,inh
F1S4_170321_019_D01,SM-D9D92_S04_E1-50,0.680335496,1659,49841,14767,6213,Inh L1-4 VIP CHRNA6,inh
F1S4_170118_140_B01,SM-D9CZV_S66_E1-50,0.548125914,1230,36835,6533,8781,Inh L2-6 VIP QPCT,inh
F1S4_170118_141_G01,SM-D9CZW_S63_E1-50,0.62271579,1080,56996,13810,8845,Inh L2-6 VIP QPCT,inh
F1S4_170125_097_C01,SM-D9D6V_S67_E1-50,0.611793753,2220,40547,11998,9383,Inh L2-6 VIP QPCT,inh
F1S4_170207_037_D01,SM-D9D8N_S36_E1-50,0.522044896,1282,41929,10405,8986,Inh L2-6 VIP QPCT,inh
F1S4_170215_128_C01,SM-D9E5I_S11_E1-50,0.593432363,606,55112,9977,10307,Inh L2-6 VIP QPCT,inh
F1S4_170215_140_D01,SM-D9E6L_S20_E1-50,0.590339641,658,39581,10256,9967,Inh L2-6 VIP QPCT,inh
F1S4_170215_149_D01,SM-D9E6O_S28_E1-50,0.555878749,NA,NA,NA,NA,Inh L2-6 VIP QPCT,inh
F1S4_170215_156_A01,SM-D9E6Q_S33_E1-50,0.473788438,NA,NA,NA,NA,Inh L2-6 VIP QPCT,inh
F1S4_170302_097_B01,SM-D9D89_S42_E1-50,0.458328101,NA,58600,8545,7437,Inh L2-6 VIP QPCT,inh
F1S4_170419_045_G01,SM-D9EQ4_S39_E1-50,0.574753489,671,19771,4831,5374,Inh L2-6 VIP QPCT,inh
F1S4_170321_018_B01,SM-D9D91_S26_E1-50,0.721139051,1362,49290,10227,5234,Inh L1-2 PAX6 TNFAIP8L3,inh
F1S4_170321_018_D01,SM-D9D91_S28_E1-50,0.750127141,1277,43580,16596,5671,Inh L1-2 PAX6 TNFAIP8L3,inh
F1S4_170321_029_C01,SM-D9D96_S03_E1-50,0.744065255,1364,54953,10676,6337,Inh L1-2 PAX6 TNFAIP8L3,inh
F1S4_170321_032_E01,SM-D9D97_S13_E1-50,0.790140383,2645,47477,9001,6466,Inh L1-2 PAX6 TNFAIP8L3,inh
F1S4_170322_002_E01,SM-D9D8T_S37_E1-50,0.80029504,2611,84926,39334,5583,Inh L1-2 PAX6 TNFAIP8L3,inh
F1S4_170322_008_D01,SM-D9D8W_S76_E1-50,0.725428792,1620,53182,17050,4010,Inh L1-2 PAX6 TNFAIP8L3,inh
F1S4_170413_127_E01,SM-D9E5Y_S37_E1-50,0.757231862,NA,NA,NA,NA,Inh L1-2 PAX6 TNFAIP8L3,inh
F1S4_170321_009_A01,SM-D9D8Y_S17_E1-50,0.713190029,2458,71763,20285,4952,Inh L1-4 VIP PENK,inh
F1S4_170118_121_G01,SM-D9CZU_S23_E1-50,0.323940372,938,62230,12755,10564,Inh L4-6 PVALB SULF1,inh
F1S4_170118_146_A01,SM-D9CZX_S89_E1-50,0.321744824,1226,37875,9220,9142,Inh L4-6 PVALB SULF1,inh
F1S4_170118_154_E01,SM-D9D15_S45_E1-50,0.344975683,773,43675,5788,8872,Inh L4-6 PVALB SULF1,inh
F1S4_170125_096_A01,SM-D9D6V_S49_E1-50,0.337142803,2261,48095,12134,8898,Inh L4-6 PVALB SULF1,inh
F1S4_170125_115_B01,SM-D9D6Z_S26_E1-50,0.32532466,NA,NA,NA,NA,Inh L4-6 PVALB SULF1,inh
F1S4_170125_122_A01,SM-D9D75_S09_E1-50,0.321546163,NA,NA,NA,NA,Inh L4-6 PVALB SULF1,inh
F1S4_170215_101_D01,SM-D9D7F_S92_E1-50,0.365798975,642,27531,8216,9518,Inh L4-6 PVALB SULF1,inh
F1S4_170215_138_B01,SM-D9E6L_S02_E1-50,0.330556659,835,28999,7186,11131,Inh L4-6 PVALB SULF1,inh
F1S4_170222_049_D01,SM-D9D74_S92_E1-50,0.332562698,4017,106028,22430,10104,Inh L4-6 PVALB SULF1,inh
F1S4_170323_061_G01,SM-D9D8U_S87_E1-50,0.329086604,1210,42559,14134,4576,Inh L4-6 PVALB SULF1,inh
F1S4_170419_047_E01,SM-D9EQ3_S21_E1-50,0.308476628,996,15605,3621,5340,Inh L3-6 SST NPY,inh
F1S4_170125_012_B01,SM-D9CZZ_S10_E1-50,0.495144957,1011,53170,14001,9134,Exc L2 LAMP5 LTK,exc
F1S4_170125_039_G01,SM-D9D6X_S39_E1-50,0.50243243,717,53694,8015,8978,Exc L2 LAMP5 LTK,exc
F1S4_170207_020_E01,SM-D9D8A_S21_E1-50,0.498153407,1504,45874,13738,8701,Exc L2 LAMP5 LTK,exc
F1S4_170207_022_G01,SM-D9D8B_S23_E1-50,0.516008954,875,39431,8095,8899,Exc L2 LAMP5 LTK,exc
F1S4_170207_028_A01,SM-D9D8M_S01_E1-50,0.494242392,4039,58555,14464,9049,Exc L2 LAMP5 LTK,exc
F1S4_170215_006_B01,SM-D9D7D_S82_E1-50,0.508105629,795,59014,10898,9850,Exc L2 LAMP5 LTK,exc
F1S4_170323_024_F01,SM-D9D8T_S78_E1-50,0.497903644,1807,52357,7825,5807,Exc L2 LAMP5 LTK,exc
F1S4_170413_129_B01,SM-D9E5Y_S50_E1-50,0.519730569,1605,39343,13820,3421,Exc L2 LAMP5 LTK,exc
F1S4_170125_044_F01,SM-D9CZS_S94_E1-50,0.37764788,NA,NA,NA,NA,Exc L2-4 LINC00507 GLP2R,exc
F1S4_170207_028_C01,SM-D9D8M_S03_E1-50,0.342556564,1802,54698,22042,8998,Exc L2-4 LINC00507 GLP2R,exc
F1S4_170222_110_E01,SM-D9D83_S53_E1-50,0.37171563,2634,50027,17072,9891,Exc L2-4 LINC00507 GLP2R,exc
F1S4_170321_058_G01,SM-D9D91_S55_E1-50,0.336768805,2868,48791,22128,5279,Exc L2-4 LINC00507 GLP2R,exc
F1S4_170322_019_F01,SM-D9D8V_S54_E1-50,0.370087872,NA,NA,NA,NA,Exc L2-4 LINC00507 GLP2R,exc
F1S4_170323_040_A01,SM-D9E4N_S33_E1-50,0.320273802,3841,38771,8814,4441,Exc L2-4 LINC00507 GLP2R,exc
F1S4_170323_053_E01,SM-D9E5H_S45_E1-50,0.360466956,3693,27164,9608,5248,Exc L2-4 LINC00507 GLP2R,exc
F1S4_170117_066_A01,SM-D9CZX_S33_E1-50,0.381797771,1176,43201,11468,9238,Exc L2-3 LINC00507 FREM3,exc
F1S4_170125_055_C01,SM-D9D6S_S27_E1-50,0.412836543,3018,58187,10119,9195,Exc L2-3 LINC00507 FREM3,exc
F1S4_170222_096_D01,SM-D9D7Z_S28_E1-50,0.380477783,5106,45978,12588,12012,Exc L2-3 LINC00507 FREM3,exc
F1S4_170302_037_C01,SM-D9D82_S59_E1-50,0.380000543,NA,109394,26849,8959,Exc L2-3 LINC00507 FREM3,exc
F1S4_170322_015_B01,SM-D9D8T_S42_E1-50,0.370685929,NA,NA,NA,NA,Exc L2-3 LINC00507 FREM3,exc
F1S4_170322_015_G01,SM-D9D8T_S47_E1-50,0.389259381,NA,NA,NA,NA,Exc L2-3 LINC00507 FREM3,exc
F1S4_170118_105_F01,SM-D9CZN_S70_E1-50,0.4567011,2656,48577,11301,10785,Exc L3-5 RORB ESR1,exc
F1S4_170118_123_A01,SM-D9D15_S01_E1-50,0.471951716,3138,67658,14027,10604,Exc L3-5 RORB ESR1,exc
F1S4_170302_076_G01,SM-D9D7S_S71_E1-50,0.457831546,NA,74787,12278,8235,Exc L3-5 RORB ESR1,exc
F1S4_170302_084_F01,SM-D9D82_S78_E1-50,0.46316536,NA,78244,12461,8300,Exc L3-5 RORB ESR1,exc
F1S4_170302_086_E01,SM-D9D82_S93_E1-50,0.467919593,NA,75833,12987,8707,Exc L3-5 RORB ESR1,exc
F1S4_170302_094_B01,SM-D9D89_S18_E1-50,0.459682895,NA,45782,9362,8574,Exc L3-5 RORB ESR1,exc
F1S4_170302_100_C01,SM-D9D8A_S35_E1-50,0.462426025,NA,66664,9619,8415,Exc L3-5 RORB ESR1,exc
F1S4_170302_113_B01,SM-D9D88_S66_E1-50,0.461649977,NA,68572,10646,7952,Exc L3-5 RORB ESR1,exc
F1S4_170321_052_D01,SM-D9D8X_S44_E1-50,0.464369715,2894,50848,11031,4907,Exc L3-5 RORB ESR1,exc
F1S4_170117_068_B01,SM-D9CZX_S42_E1-50,0.626440819,715,44501,12328,8643,Exc L4-6 RORB SEMA3E,exc
F1S4_170118_105_B01,SM-D9CZN_S66_E1-50,0.642041664,3167,60956,9515,10557,Exc L4-6 RORB SEMA3E,exc
F1S4_170118_113_F01,SM-D9CZV_S38_E1-50,0.625899273,3821,54436,9862,11142,Exc L4-6 RORB SEMA3E,exc
F1S4_170125_096_B01,SM-D9D6V_S50_E1-50,0.649188316,1911,54842,13675,10073,Exc L4-6 RORB SEMA3E,exc
F1S4_170125_101_B01,SM-D9D6X_S42_E1-50,0.638586191,1829,50311,10375,9452,Exc L4-6 RORB SEMA3E,exc
F1S4_170125_102_E01,SM-D9CZH_S69_E1-50,0.627668312,2321,57727,14121,9415,Exc L4-6 RORB SEMA3E,exc
F1S4_170125_114_C01,SM-D9D6Y_S67_E1-50,0.625920345,2151,56143,10226,9525,Exc L4-6 RORB SEMA3E,exc
F1S4_170302_096_E01,SM-D9D89_S37_E1-50,0.631130738,NA,62713,12926,8089,Exc L4-6 RORB SEMA3E,exc
F1S4_170118_110_F01,SM-D9CZU_S38_E1-50,0.500086897,5051,75142,16734,13204,Exc L4-5 RORB FOLH1B,exc
F1S4_170118_140_C01,SM-D9CZV_S67_E1-50,0.509774861,5759,87862,20115,10864,Exc L4-5 RORB FOLH1B,exc
F1S4_170302_097_C01,SM-D9D89_S43_E1-50,0.495120968,NA,100594,21036,8711,Exc L4-5 RORB FOLH1B,exc
F1S4_170321_130_A01,SM-D9D9F_S41_E1-50,0.515693819,6337,86430,27535,4766,Exc L4-5 RORB FOLH1B,exc
F1S4_170125_010_G01,SM-D9CZY_S31_E1-50,0.580905934,687,58639,14187,9886,Inh L2-4 SST FRZB,inh
F1S4_170125_048_A01,SM-D9D17_S49_E1-50,0.642471848,779,48023,12020,7766,Inh L2-4 SST FRZB,inh
F1S4_170125_067_B01,SM-D9D7E_S26_E1-50,0.608888823,1848,57663,16837,10202,Inh L2-4 SST FRZB,inh
F1S4_170207_048_G01,SM-D9D7J_S79_E1-50,0.493257171,1456,58535,10327,10125,Inh L2-4 SST FRZB,inh
F1S4_170323_058_E01,SM-D9E5I_S69_E1-50,0.456542809,3105,47065,21638,5240,Inh L2-4 SST FRZB,inh
F1S4_170323_061_C01,SM-D9D8U_S83_E1-50,0.545448852,2592,54677,16877,4228,Inh L2-4 SST FRZB,inh
F1S4_170406_116_C01,SM-D9E5L_S83_E1-50,0.620966156,NA,NA,NA,NA,Inh L2-4 SST FRZB,inh
F1S4_170118_137_G01,SM-D9CZU_S71_E1-50,0.603352417,4847,110160,23049,10120,Exc L5-6 THEMIS C1QL3,exc
F1S4_170118_143_A01,SM-D9CZW_S73_E1-50,0.60139314,5663,54914,14585,10831,Exc L5-6 THEMIS C1QL3,exc
F1S4_170118_147_B01,SM-D9D73_S10_E1-50,0.605058148,6930,100021,21061,10932,Exc L5-6 THEMIS C1QL3,exc
F1S4_170321_132_C01,SM-D9E4L_S03_E1-50,0.607120337,8747,92935,35998,5047,Exc L5-6 THEMIS C1QL3,exc
F1S4_170118_135_B01,SM-D9CZU_S50_E1-50,0.747114005,1964,44782,11663,9739,Exc L5-6 FEZF2 ABO,exc
F1S4_170118_137_C01,SM-D9CZU_S67_E1-50,0.744660881,3078,67636,14198,10473,Exc L5-6 FEZF2 ABO,exc
F1S4_170118_152_E01,SM-D9D15_S29_E1-50,0.751729011,4851,83333,14421,10150,Exc L5-6 FEZF2 ABO,exc
F1S4_170125_111_G01,SM-D9D6X_S63_E1-50,0.743264103,NA,NA,NA,NA,Exc L5-6 FEZF2 ABO,exc
F1S4_170215_160_C01,SM-D9E5Y_S11_E1-50,0.761728446,NA,NA,NA,NA,Exc L5-6 FEZF2 ABO,exc
F1S4_170323_149_D01,SM-D9D99_S28_E1-50,0.751338143,3169,39011,10926,5270,Exc L5-6 FEZF2 ABO,exc
F1S4_170117_046_F01,SM-D9D6X_S22_E1-50,0.393146775,938,45801,12248,9444,Exc L3-5 RORB FILIP1L,exc
F1S4_170117_047_G01,SM-D9D6Y_S07_E1-50,0.334045693,2884,67249,14039,9266,Exc L3-5 RORB FILIP1L,exc
F1S4_170125_097_B01,SM-D9D6V_S66_E1-50,0.432658589,1949,67126,9392,9776,Exc L3-5 RORB FILIP1L,exc
F1S4_170222_109_A01,SM-D9D83_S41_E1-50,0.450964515,2093,44600,19943,10506,Exc L3-5 RORB FILIP1L,exc
F1S4_170222_111_G01,SM-D9D83_S63_E1-50,0.404453945,2318,56119,14113,10146,Exc L3-5 RORB FILIP1L,exc
F1S4_170302_085_C01,SM-D9D82_S83_E1-50,0.365962762,NA,60599,41698,9187,Exc L3-5 RORB FILIP1L,exc
F1S4_170321_064_F01,SM-D9E5M_S06_E1-50,0.46513567,3316,84547,29063,5760,Exc L3-5 RORB FILIP1L,exc
F1S4_170321_065_G01,SM-D9E5M_S15_E1-50,0.334308388,3601,48553,19380,5711,Exc L3-5 RORB FILIP1L,exc
F1S4_170419_036_B01,SM-D9EQ7_S58_E1-50,0.368745777,NA,NA,NA,NA,Exc L3-5 RORB FILIP1L,exc
F1S4_170125_048_G01,SM-D9D17_S55_E1-50,0.564534056,974,50373,11020,8234,Exc L3-4 RORB CARM1P1,exc
F1S4_170125_051_B01,SM-D9D6Q_S66_E1-50,0.583866504,4062,87342,16801,9484,Exc L3-4 RORB CARM1P1,exc
F1S4_170207_043_G01,SM-D9D7I_S63_E1-50,0.558976821,NA,NA,NA,NA,Exc L3-4 RORB CARM1P1,exc
F1S4_170222_082_E01,SM-D9D7R_S61_E1-50,0.557425841,2710,42764,12430,8834,Exc L3-4 RORB CARM1P1,exc
F1S4_170222_085_C01,SM-D9D7S_S51_E1-50,0.546677495,4698,35257,13314,9670,Exc L3-4 RORB CARM1P1,exc
F1S4_170222_094_G01,SM-D9D7U_S79_E1-50,0.573763873,3743,85253,15460,12033,Exc L3-4 RORB CARM1P1,exc
F1S4_170321_071_A01,SM-D9E58_S17_E1-50,0.542824452,3450,66043,18407,5307,Exc L3-4 RORB CARM1P1,exc
F1S4_170323_045_E01,SM-D9E4P_S29_E1-50,0.563909142,5795,54184,20864,4977,Exc L3-4 RORB CARM1P1,exc
F1S4_170215_124_C01,SM-D9D6T_S83_E1-50,0.661769161,2205,36076,8121,10831,Exc L5-6 FEZF2 EFTUD1P1,exc
F1S4_170321_118_G01,SM-D9D94_S31_E1-50,0.664525742,4014,50204,24329,4624,Exc L5-6 FEZF2 EFTUD1P1,exc
F1S4_170321_121_A01,SM-D9D95_S33_E1-50,0.668309494,5093,62377,30508,4644,Exc L5-6 FEZF2 EFTUD1P1,exc
F1S4_170321_151_D01,SM-D9E5I_S20_E1-50,0.668332416,4545,41065,19767,6734,Exc L5-6 FEZF2 EFTUD1P1,exc
F1S4_170321_152_E01,SM-D9E5I_S29_E1-50,0.657115314,5558,75433,34651,6722,Exc L5-6 FEZF2 EFTUD1P1,exc
F1S4_170117_049_D01,SM-D9D6Y_S20_E1-50,0.650294624,2797,69303,14845,8853,Exc L4-6 FEZF2 IL26,exc
F1S4_170118_141_C01,SM-D9CZW_S59_E1-50,0.62464294,2180,60835,9289,8717,Exc L4-6 FEZF2 IL26,exc
F1S4_170118_146_D01,SM-D9CZX_S92_E1-50,0.629154121,1925,78437,11027,9419,Exc L4-6 FEZF2 IL26,exc
F1S4_170118_149_C01,SM-D9D73_S27_E1-50,0.640703872,3473,72771,13658,9010,Exc L4-6 FEZF2 IL26,exc
F1S4_170118_155_G01,SM-D9D16_S07_E1-50,0.638295645,2328,67877,13858,9401,Exc L4-6 FEZF2 IL26,exc
F1S4_170118_162_D01,SM-D9D6Q_S28_E1-50,0.618130193,2348,51065,8860,9719,Exc L4-6 FEZF2 IL26,exc
F1S4_170125_109_F01,SM-D9D6U_S62_E1-50,0.625609674,3471,65167,15335,10159,Exc L4-6 FEZF2 IL26,exc
F1S4_170125_111_D01,SM-D9D6X_S60_E1-50,0.62102251,NA,NA,NA,NA,Exc L4-6 FEZF2 IL26,exc
F1S4_170215_102_B01,SM-D9D8N_S42_E1-50,0.63257164,1220,45204,9130,9428,Exc L4-6 FEZF2 IL26,exc
F1S4_170215_127_E01,SM-D9E5H_S05_E1-50,0.618110026,1208,51814,8276,9784,Exc L4-6 FEZF2 IL26,exc
F1S4_170118_142_A01,SM-D9CZW_S65_E1-50,0.478221627,5090,65825,17071,10490,Exc L5-6 RORB TTC12,exc
F1S4_170118_153_C01,SM-D9D15_S35_E1-50,0.452605184,4944,74066,14632,10075,Exc L5-6 RORB TTC12,exc
F1S4_170125_109_E01,SM-D9D6U_S61_E1-50,0.477810005,2294,68121,11544,9889,Exc L5-6 RORB TTC12,exc
F1S4_170125_116_D01,SM-D9D6Z_S36_E1-50,0.490553513,4345,50050,13483,10239,Exc L5-6 RORB TTC12,exc
F1S4_170125_123_C01,SM-D9D75_S19_E1-50,0.444734783,724,54194,16889,10168,Exc L5-6 RORB TTC12,exc
F1S4_170321_108_D01,SM-D9D8M_S68_E1-50,0.473758828,9823,60337,20448,5393,Exc L5-6 RORB TTC12,exc
F1S4_170321_108_G01,SM-D9D8M_S71_E1-50,0.43662229,8863,53798,21908,5826,Exc L5-6 RORB TTC12,exc
F1S4_170321_143_G01,SM-D9E5F_S31_E1-50,0.470853511,6980,77716,21981,6256,Exc L5-6 RORB TTC12,exc
F1S4_170419_037_A01,SM-D9EQ6_S33_E1-50,0.437065703,NA,NA,NA,NA,Exc L5-6 RORB TTC12,exc
F1S4_170125_060_E01,SM-D9D7C_S13_E1-50,0.696414343,NA,NA,NA,NA,Exc L3-5 RORB COL22A1,exc
F1S4_170125_072_C01,SM-D9CZG_S91_E1-50,0.679740106,401,29843,9907,7858,Exc L3-5 RORB COL22A1,exc
F1S4_170125_098_E01,SM-D9D6W_S45_E1-50,0.726539041,1948,67402,14879,10201,Exc L3-5 RORB COL22A1,exc
F1S4_170302_087_D01,SM-D9D83_S68_E1-50,0.738023976,NA,51847,15653,8486,Exc L3-5 RORB COL22A1,exc
F1S4_170302_097_F01,SM-D9D89_S46_E1-50,0.667057306,NA,75512,18453,7717,Exc L3-5 RORB COL22A1,exc
F1S4_170323_044_D01,SM-D9E4P_S20_E1-50,0.674279232,1896,52982,11966,4677,Exc L3-5 RORB COL22A1,exc
F1S4_170323_045_A01,SM-D9E4P_S25_E1-50,0.667684215,NA,NA,NA,NA,Exc L3-5 RORB COL22A1,exc
F1S4_170323_045_B01,SM-D9E4P_S26_E1-50,0.686894536,2572,44342,10996,4532,Exc L3-5 RORB COL22A1,exc
F1S4_170419_036_D01,SM-D9EQ7_S60_E1-50,0.666132053,NA,NA,NA,NA,Exc L3-5 RORB COL22A1,exc
F1S4_170419_047_D01,SM-D9EQ3_S20_E1-50,0.687980977,NA,NA,NA,NA,Exc L3-5 RORB COL22A1,exc
F1S4_170118_118_C01,SM-D9CZX_S51_E1-50,0.432445896,3617,57524,12475,10935,Exc L4-6 RORB C1R,exc
F1S4_170118_152_D01,SM-D9D15_S28_E1-50,0.467841856,2260,43807,9956,9775,Exc L4-6 RORB C1R,exc
F1S4_170125_080_D01,SM-D9D11_S52_E1-50,0.436521643,1161,71619,12497,10446,Exc L4-6 RORB C1R,exc
F1S4_170125_108_C01,SM-D9D6U_S43_E1-50,0.465669341,2649,56174,13979,9404,Exc L4-6 RORB C1R,exc
F1S4_170125_118_G01,SM-D9D74_S07_E1-50,0.456589085,718,59804,14823,9698,Exc L4-6 RORB C1R,exc
F1S4_170125_162_A01,SM-D9D6P_S81_E1-50,0.448843711,2071,40792,10781,9050,Exc L4-6 RORB C1R,exc
F1S4_170419_032_D01,SM-D9E5Z_S76_E1-50,0.479200975,NA,NA,NA,NA,Exc L4-6 RORB C1R,exc
F1S4_170419_055_B01,SM-D9EQ2_S50_E1-50,0.442969862,NA,NA,NA,NA,Exc L4-6 RORB C1R,exc
F1S4_170118_112_E01,SM-D9CZV_S29_E1-50,0.500745236,2077,57806,16920,11176,Exc L5-6 THEMIS CRABP1,exc
F1S4_170118_123_D01,SM-D9D15_S04_E1-50,0.493070728,1105,38640,10397,9588,Exc L5-6 THEMIS CRABP1,exc
F1S4_170118_152_F01,SM-D9D15_S30_E1-50,0.522891574,733,49369,14989,10092,Exc L5-6 THEMIS CRABP1,exc
F1S4_170118_159_C01,SM-D9D17_S11_E1-50,0.509161416,956,37997,10341,8761,Exc L5-6 THEMIS CRABP1,exc
F1S4_170125_124_G01,SM-D9D76_S07_E1-50,0.489764925,NA,NA,NA,NA,Exc L5-6 THEMIS CRABP1,exc
F1S4_170215_132_F01,SM-D9E65_S06_E1-50,0.500307446,546,36294,14383,10409,Exc L5-6 THEMIS CRABP1,exc
F1S4_170215_132_G01,SM-D9E65_S07_E1-50,0.475639581,512,37715,9568,10717,Exc L5-6 THEMIS CRABP1,exc
F1S4_170215_136_D01,SM-D9EQG_S12_E1-50,0.515334997,508,47821,17224,10913,Exc L5-6 THEMIS CRABP1,exc
F1S4_170215_147_F01,SM-D9E6O_S06_E1-50,0.477616073,691,38941,17359,10062,Exc L5-6 THEMIS CRABP1,exc
F1S4_170215_150_F01,SM-D9E6P_S06_E1-50,0.477409289,NA,NA,NA,NA,Exc L5-6 THEMIS CRABP1,exc
F1S4_170118_111_C01,SM-D9CZU_S43_E1-50,0.349479593,902,71702,13869,10871,Inh L4-5 PVALB MEPE,inh
F1S4_170118_114_G01,SM-D9CZV_S47_E1-50,0.34223484,1385,67820,12539,11598,Inh L4-5 PVALB MEPE,inh
F1S4_170118_120_B01,SM-D9CZX_S66_E1-50,0.383945708,1236,61816,11346,11003,Inh L4-5 PVALB MEPE,inh
F1S4_170118_127_G01,SM-D9CZS_S55_E1-50,0.411977996,2878,57095,12386,11485,Inh L4-5 PVALB MEPE,inh
F1S4_170125_104_G01,SM-D9CZR_S87_E1-50,0.33718431,1565,52802,14617,8605,Inh L4-5 PVALB MEPE,inh
F1S4_170125_106_A01,SM-D9D6U_S25_E1-50,0.366366576,4513,62686,21374,10175,Inh L4-5 PVALB MEPE,inh
F1S4_170125_117_C01,SM-D9D6Z_S43_E1-50,0.327743594,NA,NA,NA,NA,Inh L4-5 PVALB MEPE,inh
F1S4_170419_031_B01,SM-D9E5Z_S66_E1-50,0.383800116,NA,NA,NA,NA,Inh L4-5 PVALB MEPE,inh
F1S4_170419_049_B01,SM-D9EQ3_S34_E1-50,0.297807783,NA,NA,NA,NA,Inh L4-5 PVALB MEPE,inh
F1S4_170419_049_F01,SM-D9EQ3_S38_E1-50,0.414350647,918,23828,8797,5698,Inh L4-5 PVALB MEPE,inh
F1S4_170125_106_D01,SM-D9D6U_S28_E1-50,0.385549599,2851,53620,11031,10049,Exc L5-6 THEMIS FGF10,exc
F1S4_170125_107_A01,SM-D9D6U_S33_E1-50,0.383691466,5315,55888,12421,10269,Exc L5-6 THEMIS FGF10,exc
F1S4_170321_143_D01,SM-D9E5F_S28_E1-50,0.437855405,5971,53135,23893,5794,Exc L5-6 THEMIS FGF10,exc
F1S4_170323_148_D01,SM-D9D99_S20_E1-50,0.421566111,4452,61570,12794,5415,Exc L5-6 THEMIS FGF10,exc
F1S4_170323_152_A01,SM-D9D9A_S17_E1-50,0.41220121,5515,61441,15979,5202,Exc L5-6 THEMIS FGF10,exc
F1S4_170323_157_A01,SM-D9D9C_S09_E1-50,0.387163666,6973,92707,23651,5872,Exc L5-6 THEMIS FGF10,exc
F1S4_170118_127_D01,SM-D9CZS_S52_E1-50,0.58973051,1379,68090,13068,10978,Exc L4-5 RORB DAPK2,exc
F1S4_170118_129_B01,SM-D9CZO_S74_E1-50,0.627127928,3149,59741,9572,8786,Exc L4-5 RORB DAPK2,exc
F1S4_170125_119_B01,SM-D9D74_S10_E1-50,0.594585135,1275,56260,12713,9735,Exc L4-5 RORB DAPK2,exc
F1S4_170222_076_F01,SM-D9D7L_S86_E1-50,0.636212808,2122,58523,20273,8813,Exc L4-5 RORB DAPK2,exc
F1S4_170222_079_A01,SM-D9D7R_S33_E1-50,0.637916916,1893,59584,15473,9078,Exc L4-5 RORB DAPK2,exc
F1S4_170302_085_F01,SM-D9D82_S86_E1-50,0.606259913,NA,54306,9040,8234,Exc L4-5 RORB DAPK2,exc
F1S4_170302_111_A01,SM-D9D7U_S81_E1-50,0.617929308,NA,50925,6888,7846,Exc L4-5 RORB DAPK2,exc
F1S4_170118_127_B01,SM-D9CZS_S50_E1-50,0.45659904,847,37199,15029,10036,Exc L3-5 RORB TWIST2,exc
F1S4_170125_081_A01,SM-D9D12_S33_E1-50,0.381777639,NA,NA,NA,NA,Exc L3-5 RORB TWIST2,exc
F1S4_170125_100_B01,SM-D9D6W_S58_E1-50,0.373040763,902,44053,11461,9965,Exc L3-5 RORB TWIST2,exc
F1S4_170222_079_G01,SM-D9D7R_S39_E1-50,0.333710332,4821,48312,11765,13946,Exc L3-5 RORB TWIST2,exc
F1S4_170302_094_F01,SM-D9D89_S22_E1-50,0.420716246,NA,60149,10906,8183,Exc L3-5 RORB TWIST2,exc
F1S4_170302_103_B01,SM-D9D8A_S66_E1-50,0.41437799,NA,56470,11951,8375,Exc L3-5 RORB TWIST2,exc
F1S4_170302_106_B01,SM-D9D8B_S42_E1-50,0.425475282,NA,64291,NA,NA,Exc L3-5 RORB TWIST2,exc
F1S4_170321_055_F01,SM-D9D8Y_S54_E1-50,0.399671512,2785,61735,15046,4859,Exc L3-5 RORB TWIST2,exc
F1S4_170321_066_A01,SM-D9E57_S01_E1-50,0.379160139,2714,46565,15672,5125,Exc L3-5 RORB TWIST2,exc
F1S4_170118_107_C01,SM-D9CZN_S83_E1-50,0.506532966,3652,76912,17804,12173,Exc L5-6 SLC17A7 IL15,exc
F1S4_170125_127_A01,SM-D9CZH_S89_E1-50,0.457064111,NA,NA,NA,NA,Exc L5-6 SLC17A7 IL15,exc
F1S4_170207_108_D01,SM-D9CZW_S84_E1-50,0.527324267,3614,37010,18768,9148,Exc L5-6 SLC17A7 IL15,exc
F1S4_170215_141_G01,SM-D9E6M_S15_E1-50,0.517619433,913,64108,9925,11025,Exc L5-6 SLC17A7 IL15,exc
F1S4_170215_143_F01,SM-D9E6M_S30_E1-50,0.538507334,1220,32654,8044,11528,Exc L5-6 SLC17A7 IL15,exc
F1S4_170215_157_E01,SM-D9E5Z_S13_E1-50,0.470366309,NA,NA,NA,NA,Exc L5-6 SLC17A7 IL15,exc
F1S4_170321_148_C01,SM-D9E5H_S19_E1-50,0.493411153,5266,67218,24730,6380,Exc L5-6 SLC17A7 IL15,exc
F1S4_170413_071_G01,SM-D9E5Z_S31_E1-50,0.561509747,NA,NA,NA,NA,Exc L5-6 SLC17A7 IL15,exc
F1S4_170323_126_G01,SM-D9D94_S47_E1-50,0.635213316,4024,72669,18259,4100,Exc L6 FEZF2 SCUBE1,exc
F1S4_170323_133_F01,SM-D9D96_S62_E1-50,0.651270439,4779,84276,32577,4855,Exc L6 FEZF2 SCUBE1,exc
F1S4_170323_135_A01,SM-D9D97_S57_E1-50,0.63267281,3522,39471,14806,4268,Exc L6 FEZF2 SCUBE1,exc
F1S4_170323_150_C01,SM-D9D9A_S03_E1-50,0.655493299,4255,65606,15894,5200,Exc L6 FEZF2 SCUBE1,exc
F1S4_170323_151_D01,SM-D9D9A_S12_E1-50,0.636802217,3957,73365,30440,5469,Exc L6 FEZF2 SCUBE1,exc
F1S4_170323_153_G01,SM-D9D9A_S31_E1-50,0.653254429,4321,46534,16212,5700,Exc L6 FEZF2 SCUBE1,exc
F1S4_170323_158_F01,SM-D9D9D_S06_E1-50,0.643519444,3588,47895,19719,6291,Exc L6 FEZF2 SCUBE1,exc
F1S4_170118_135_C01,SM-D9CZU_S51_E1-50,0.551881235,5510,89708,22951,10334,Exc L5-6 THEMIS DCSTAMP,exc
F1S4_170118_142_C01,SM-D9CZW_S67_E1-50,0.520334885,5078,42674,13871,10053,Exc L5-6 THEMIS DCSTAMP,exc
F1S4_170118_158_A01,SM-D9D17_S01_E1-50,0.516069633,6191,51091,12844,10646,Exc L5-6 THEMIS DCSTAMP,exc
F1S4_170118_161_A01,SM-D9D6P_S17_E1-50,0.498138737,6214,62444,13134,10709,Exc L5-6 THEMIS DCSTAMP,exc
F1S4_170125_114_D01,SM-D9D6Y_S68_E1-50,0.488664069,NA,NA,NA,NA,Exc L5-6 THEMIS DCSTAMP,exc
F1S4_170321_109_E01,SM-D9D8M_S77_E1-50,0.531488991,7293,52231,22995,4422,Exc L5-6 THEMIS DCSTAMP,exc
F1S4_170118_104_D01,SM-D9CZD_S84_E1-50,0.619498309,NA,NA,NA,NA,Exc L4-5 FEZF2 SCN4B,exc
F1S4_170118_109_B01,SM-D9CZU_S26_E1-50,0.609957307,NA,NA,NA,NA,Exc L4-5 FEZF2 SCN4B,exc
F1S4_170118_114_A01,SM-D9CZV_S41_E1-50,0.747808711,NA,NA,NA,NA,Exc L4-5 FEZF2 SCN4B,exc
F1S4_170419_057_B01,SM-D9EQ1_S42_E1-50,0.694232386,NA,NA,NA,NA,Exc L4-5 FEZF2 SCN4B,exc
F1S4_170117_038_C01,SM-D9D6V_S03_E1-50,0.458827199,971,77739,19083,8920,Inh L2-4 PVALB WFDC2,inh
F1S4_170118_025_G01,SM-D9D6U_S15_E1-50,0.461575842,1195,46464,11665,10063,Inh L2-4 PVALB WFDC2,inh
F1S4_170125_010_B01,SM-D9CZY_S26_E1-50,0.451916562,NA,NA,NA,NA,Inh L2-4 PVALB WFDC2,inh
F1S4_170125_023_F01,SM-D9D6P_S30_E1-50,0.446184265,1713,63080,13678,9648,Inh L2-4 PVALB WFDC2,inh
F1S4_170125_036_G01,SM-D9D6W_S31_E1-50,0.466274928,931,50414,7707,7925,Inh L2-4 PVALB WFDC2,inh
F1S4_170125_047_G01,SM-D9D17_S47_E1-50,0.440913814,1793,48535,12446,8884,Inh L2-4 PVALB WFDC2,inh
F1S4_170125_059_A01,SM-D9D7C_S01_E1-50,0.462166279,1425,42160,8571,9039,Inh L2-4 PVALB WFDC2,inh
F1S4_170125_060_D01,SM-D9D7C_S12_E1-50,0.462479966,NA,NA,NA,NA,Inh L2-4 PVALB WFDC2,inh
F1S4_170323_048_C01,SM-D9E5F_S51_E1-50,0.449124419,1996,51360,11808,4467,Inh L2-4 PVALB WFDC2,inh
F1S4_170321_118_B01,SM-D9D94_S26_E1-50,0.749836436,8459,90137,49973,4762,Exc L6 FEZF2 OR2T8,exc
F1S4_170321_136_E01,SM-D9E4N_S05_E1-50,0.640083862,7274,80944,36492,6254,Exc L6 FEZF2 OR2T8,exc
F1S4_170321_150_D01,SM-D9E5H_S36_E1-50,0.695026105,5344,58796,34897,6720,Exc L6 FEZF2 OR2T8,exc
F1S4_170321_152_D01,SM-D9E5I_S28_E1-50,0.605751603,5158,60023,36912,6684,Exc L6 FEZF2 OR2T8,exc
F1S4_170321_153_C01,SM-D9E5I_S35_E1-50,0.342280119,4040,61435,30492,6614,Exc L6 FEZF2 OR2T8,exc
F1S4_170323_161_C01,SM-D9E4I_S19_E1-50,0.735291485,7163,111332,46043,6631,Exc L6 FEZF2 OR2T8,exc
F1S4_170111_145_H01,SM-D9CZ8_S80_E1-50,0.916650591,16,31205,8914,7876,Oligo L1-6 OPALIN,glia
F1S4_170118_154_H01,SM-D9D15_S48_E1-50,0.911384601,-8,31054,2968,8006,Oligo L1-6 OPALIN,glia
F1S4_170118_162_H01,SM-D9D6Q_S32_E1-50,0.914922687,30,38332,5004,8125,Oligo L1-6 OPALIN,glia
F1S4_170302_111_H01,SM-D9D7U_S88_E1-50,0.913112199,NA,38696,7554,7715,Oligo L1-6 OPALIN,glia
F1S4_170321_111_H01,SM-D9D8W_S32_E1-50,0.912718047,NA,NA,NA,NA,Oligo L1-6 OPALIN,glia
F1S4_170321_112_H01,SM-D9D8W_S40_E1-50,0.901838248,4,39698,8149,4357,Oligo L1-6 OPALIN,glia
F1S4_170321_116_H01,SM-D9D93_S24_E1-50,0.901858361,6,35542,7411,4409,Oligo L1-6 OPALIN,glia
F1S4_170406_118_H01,SM-D9E5M_S88_E1-50,0.903994459,23,40941,15874,4611,Oligo L1-6 OPALIN,glia
F1S4_170125_021_H01,SM-D9D17_S32_E1-50,0.972302837,1,43269,9568,7823,OPC L1-6 PDGFRA,glia
F1S4_170125_023_H01,SM-D9D6P_S32_E1-50,0.97236501,16,34820,7546,8077,OPC L1-6 PDGFRA,glia
F1S4_170125_034_H01,SM-D9D6V_S32_E1-50,0.972382401,19,27079,5131,7905,OPC L1-6 PDGFRA,glia
F1S4_170125_035_H01,SM-D9D6V_S40_E1-50,0.972356092,6,35533,8335,7756,OPC L1-6 PDGFRA,glia
F1S4_170125_061_H01,SM-D9D7C_S24_E1-50,0.972778719,-10,35700,11880,8311,OPC L1-6 PDGFRA,glia
F1S4_170207_024_H01,SM-D9D8L_S16_E1-50,0.972646854,15,35447,13186,7961,OPC L1-6 PDGFRA,glia
F1S4_170321_065_H01,SM-D9E5M_S16_E1-50,0.972837066,15,44246,10203,5431,OPC L1-6 PDGFRA,glia
F1S4_170419_034_F01,SM-D9EQ8_S54_E1-50,0.972946364,1317,34869,5930,5056,OPC L1-6 PDGFRA,glia
F1S4_170118_113_H01,SM-D9CZV_S40_E1-50,0.736834383,45,29139,11451,8910,Astro L1-6 FGFR3 SLC14A1,glia
F1S4_170207_019_H01,SM-D9D8A_S16_E1-50,0.7291924,-7,32570,5826,8501,Astro L1-6 FGFR3 SLC14A1,glia
F1S4_170215_006_H01,SM-D9D7D_S88_E1-50,0.735822222,6,28413,5741,8336,Astro L1-6 FGFR3 SLC14A1,glia
F1S4_170302_110_H01,SM-D9D7T_S80_E1-50,0.751682769,NA,43401,5297,7766,Astro L1-6 FGFR3 SLC14A1,glia
F1S4_170321_037_H01,SM-D9D8L_S80_E1-50,0.739883641,NA,NA,NA,NA,Astro L1-6 FGFR3 SLC14A1,glia
F1S4_170406_114_H01,SM-D9E4L_S80_E1-50,0.729226691,23,28943,8082,4120,Astro L1-6 FGFR3 SLC14A1,glia
F1S4_170321_024_H01,SM-D9D93_S16_E1-50,0.97086832,16,35976,10230,5841,Micro L1-3 TYROBP,glia
F1S4_170321_031_H01,SM-D9D97_S08_E1-50,0.970075031,NA,NA,NA,NA,Micro L1-3 TYROBP,glia
F1S4_170321_038_H01,SM-D9D8V_S08_E1-50,0.947468807,32,27563,10176,4594,Micro L1-3 TYROBP,glia
F1S4_170322_003_H01,SM-D9D8W_S56_E1-50,0.968799439,60,23494,8397,6170,Micro L1-3 TYROBP,glia
F1S4_170323_123_H01,SM-D9D93_S40_E1-50,0.969985836,19,41963,7976,4310,Micro L1-3 TYROBP,glia
F1S4_170419_034_G01,SM-D9EQ8_S55_E1-50,0.969291917,738,26510,5310,4983,Micro L1-3 TYROBP,glia
F1S4_170125_004_H01,SM-D9D12_S16_E1-50,0.651075074,4,39511,4920,8401,Astro L1-2 FGFR3 GFAP,glia
F1S4_170125_005_H01,SM-D9CZY_S16_E1-50,0.531550222,32,42987,5189,8210,Astro L1-2 FGFR3 GFAP,glia
F1S4_170125_006_H01,SM-D9CZG_S80_E1-50,0.628265714,-3,51386,12566,8617,Astro L1-2 FGFR3 GFAP,glia
F1S4_170207_004_H01,SM-D9D7H_S80_E1-50,0.514492319,9,32548,10479,8670,Astro L1-2 FGFR3 GFAP,glia
F1S4_170207_007_H01,SM-D9CZU_S96_E1-50,0.64748029,32,40659,12970,8211,Astro L1-2 FGFR3 GFAP,glia
F1S4_170207_034_H01,SM-D9D8N_S16_E1-50,0.557168913,8,33952,9659,8263,Astro L1-2 FGFR3 GFAP,glia
F1S4_170321_019_H01,SM-D9D92_S08_E1-50,0.671740873,NA,NA,NA,NA,Astro L1-2 FGFR3 GFAP,glia
F1S4_170321_030_H01,SM-D9D96_S16_E1-50,0.582355352,6,29698,9721,6570,Astro L1-2 FGFR3 GFAP,glia
F1S4_170322_006_H01,SM-D9D8M_S88_E1-50,0.512515326,36,42652,6644,5101,Astro L1-2 FGFR3 GFAP,glia
F1S4_170406_116_H01,SM-D9E5L_S88_E1-50,0.659841851,4,29333,2874,5480,Astro L1-2 FGFR3 GFAP,glia
F1S4_170117_001_F01,SM-D9CZ8_S86_E1-50,0.579609074,947,84873,25291,12940,Inh L1-3 VIP CHRM2,inh
F1S4_170125_006_G01,SM-D9CZG_S79_E1-50,0.580517023,NA,NA,NA,NA,Inh L1-3 VIP CHRM2,inh
F1S4_170207_010_A01,SM-D9D7I_S49_E1-50,0.582239748,757,51269,12046,8370,Inh L1-3 VIP CHRM2,inh
F1S4_170215_041_F01,SM-D9D7E_S94_E1-50,0.57859565,1156,54662,10337,9756,Inh L1-3 VIP CHRM2,inh
F1S4_170222_087_C01,SM-D9D7T_S35_E1-50,0.5549718,4468,70163,14263,11656,Inh L1-3 VIP CHRM2,inh
F1S4_170323_024_A01,SM-D9D8T_S73_E1-50,0.543312155,2722,33091,15696,5215,Inh L1-3 VIP CHRM2,inh
F1S4_170323_024_A01,SM-D9D8T_S73_E1-50,0.543312155,1947,40517,9950,5296,Inh L1-3 VIP CHRM2,inh
F1S4_170323_039_F01,SM-D9E4N_S30_E1-50,0.584505539,2123,37032,15967,4849,Inh L1-3 VIP CHRM2,inh
F1S4_170323_043_C01,SM-D9E4O_S35_E1-50,0.569714338,2331,33116,8561,4300,Inh L1-3 VIP CHRM2,inh
F1S4_170323_049_D01,SM-D9E5F_S60_E1-50,0.598058572,1859,37049,8699,5089,Inh L1-3 VIP CHRM2,inh
F1S4_170323_059_F01,SM-D9D8U_S70_E1-50,0.559657721,2161,38695,10952,5126,Inh L1-3 VIP CHRM2,inh
