,CUX2,COL5A2,PENK,CARTPT,GAD2,RXFP1,LAMP5,CBLN2,SLC17A7,totalReads,area,x,y,experimentName,ROI_ID,layerData,layerCoordinate,lateralCoordinate
0,1,3,1,1,1,0,1,1,1,10,21816,939,-945.4238679,smFISH_Human_L2-L3_Replicate2,1,1,1074.885967,787.5071104
1,0,0,0,0,0,0,0,0,1,1,22566,621,-1269.423868,smFISH_Human_L2-L3_Replicate2,2,1,811.2743904,1157.113573
2,1,1,1,1,1,1,1,0,4,11,24120,1488,-1413.423868,smFISH_Human_L2-L3_Replicate2,3,1,1690.122827,1164.214697
3,0,22,0,0,38,0,0,0,1,61,20067,1635,-1731.423868,smFISH_Human_L2-L3_Replicate2,4,1,1884.892644,1455.415175
4,0,0,1,0,1,0,0,0,1,3,37788,1884,-1257.423868,smFISH_Human_L2-L3_Replicate2,5,1,2056.967136,948.39706
5,0,19,0,0,30,0,0,0,0,49,15807,1983,-186.4238679,smFISH_Human_L2-L3_Replicate2,6,1,1987.820888,124.9438906
6,0,0,0,0,0,0,0,0,4,4,28260,2589,-936.4238679,smFISH_Human_L2-L3_Replicate2,7,1,2703.316274,521.4324336
7,1,1,0,0,16,0,0,0,2,20,25338,2562,-402.4238679,smFISH_Human_L2-L3_Replicate2,8,1,2593.411963,1.832358337
8,0,10,1,0,2,0,0,0,9,22,33864,2799,-273.4238679,smFISH_Human_L2-L3_Replicate2,9,1,2807.408102,166.1967479
9,0,0,0,0,0,0,0,0,6,6,16353,2859,-468.4238679,smFISH_Human_L2-L3_Replicate2,10,1,2897.069314,17.06772497
10,0,0,1,0,0,0,0,0,2,3,25447,2568,-81.42386792,smFISH_Human_L2-L3_Replicate2,11,1,2549.304519,319.844203
11,0,1,0,3,1,0,1,2,2,10,24771,1362,-1806.423868,smFISH_Human_L2-L3_Replicate2,12,1,1626.919556,1572.050873
12,0,0,0,0,1,1,0,0,2,4,16374,261,-2034.423868,smFISH_Human_L2-L3_Replicate2,13,1,574.9146029,1968.8765
13,0,0,1,0,0,0,0,0,2,3,21846,1620,-2349.423868,smFISH_Human_L2-L3_Replicate2,14,1,1966.403331,2068.199809
14,1,0,0,0,0,0,0,9,22,32,14486,2812,-1583.423868,smFISH_Human_L2-L3_Replicate2,15,2,3024.438259,1125.765678
15,1,1,0,1,1,0,1,0,0,5,12184,2942,-1041.423868,smFISH_Human_L2-L3_Replicate2,16,1,3068.368084,570.1271534
16,0,0,0,0,1,0,0,0,0,1,10568,2324,-1719.423868,smFISH_Human_L2-L3_Replicate2,17,1,2563.601015,1336.167757
17,0,0,1,0,28,0,0,0,1,30,16108,2266,-1787.423868,smFISH_Human_L2-L3_Replicate2,18,1,2516.909037,1412.377068
18,0,0,0,0,0,0,0,0,0,0,11278,1786,-2383.423868,smFISH_Human_L2-L3_Replicate2,19,1,2135.673985,2075.909912
19,0,1,0,0,0,0,0,1,0,2,19490,2194,-1327.423868,smFISH_Human_L2-L3_Replicate2,20,1,2374.089075,969.2219504
20,0,0,0,0,0,0,0,0,2,2,14900,1102,-1469.423868,smFISH_Human_L2-L3_Replicate2,21,1,1317.569343,1279.695874
21,0,0,0,0,0,0,0,0,0,0,14090,1854,-667.4238679,smFISH_Human_L2-L3_Replicate2,22,1,1935.370801,370.2843278
22,1,1,2,1,1,0,1,1,1,9,16822,1910,-861.4238679,smFISH_Human_L2-L3_Replicate2,23,1,2020.925033,553.1845011
23,0,0,0,1,0,0,0,1,1,3,19406,2776,-909.4238679,smFISH_Human_L2-L3_Replicate2,24,1,2883.822219,465.6148401
24,0,0,0,0,0,0,0,0,1,1,9936,3374,-209.4238679,smFISH_Human_L2-L3_Replicate2,25,2,3365.404607,319.0394814
25,2,1,0,0,1,0,0,6,36,46,25134,3420,-433.4238679,smFISH_Human_L2-L3_Replicate2,26,2,3445.757147,104.9472835
26,2,0,0,1,0,0,1,18,4,26,15874,3234,-879.4238679,smFISH_Human_L2-L3_Replicate2,27,2,3331.548301,364.5932786
27,1,0,0,0,0,0,0,7,20,28,13904,3282,-1107.423868,smFISH_Human_L2-L3_Replicate2,28,2,3414.499875,582.3248482
28,1,0,1,0,0,0,0,13,42,57,17964,3136,-1153.423868,smFISH_Human_L2-L3_Replicate2,29,2,3277.454334,650.5195676
29,3,0,0,0,5,0,0,14,31,53,21042,3320,-1227.423868,smFISH_Human_L2-L3_Replicate2,30,2,3470.739766,694.9351259
30,1,0,0,0,0,0,1,13,46,61,16878,3172,-1267.423868,smFISH_Human_L2-L3_Replicate2,31,2,3330.783453,757.5149184
31,0,0,11,0,0,0,0,7,34,52,17844,3038,-1653.423868,smFISH_Human_L2-L3_Replicate2,32,2,3258.586875,1159.683607
32,1,0,2,0,1,0,0,7,12,23,15212,3192,-1543.423868,smFISH_Human_L2-L3_Replicate2,33,2,3393.558988,1027.024161
33,2,0,1,0,0,0,0,10,47,60,21832,3504,-1601.423868,smFISH_Human_L2-L3_Replicate2,34,2,3710.786048,1035.683981
34,0,0,2,0,0,0,0,8,54,64,24396,3448,-1771.423868,smFISH_Human_L2-L3_Replicate2,35,2,3681.968315,1212.334875
35,1,0,1,0,0,0,0,18,28,48,26154,3736,-1335.423868,smFISH_Human_L2-L3_Replicate2,36,2,3898.489177,736.7734
36,1,1,0,1,3,1,2,14,66,89,30558,3660,-1033.423868,smFISH_Human_L2-L3_Replicate2,37,2,3776.345486,450.3106299
37,2,0,2,2,23,5,1,0,3,38,24884,3768,-923.4238679,smFISH_Human_L2-L3_Replicate2,38,2,3865.879827,324.8211815
38,2,1,1,0,0,0,0,14,44,62,21292,3850,-521.4238679,smFISH_Human_L2-L3_Replicate2,39,2,3884.218056,85.04673547
39,0,0,0,0,0,0,0,0,2,2,11058,3744,326.5761321,smFISH_Human_L2-L3_Replicate2,40,2,3647.336286,906.1600209
40,0,0,0,0,1,0,0,0,3,4,24804,3682,-2263.423868,smFISH_Human_L2-L3_Replicate2,41,2,3989.796081,1661.848018
41,3,2,13,1,4,3,1,18,69,114,30500,3432,-2079.423868,smFISH_Human_L2-L3_Replicate2,42,2,3714.171679,1519.064305
42,1,0,0,1,0,0,1,2,6,11,24586,3202,-2115.423868,smFISH_Human_L2-L3_Replicate2,43,2,3492.59412,1590.474286
43,2,0,0,1,0,0,0,3,21,27,11910,3242,-1783.423868,smFISH_Human_L2-L3_Replicate2,44,2,3480.356552,1256.297324
44,6,3,44,1,7,2,3,3,17,86,23708,3022,-1917.423868,smFISH_Human_L2-L3_Replicate2,45,2,3283.93198,1422.95082
45,1,6,1,0,0,0,0,12,46,66,27734,3196,-1935.423868,smFISH_Human_L2-L3_Replicate2,46,2,3458.610944,1413.609525
46,5,0,1,1,0,0,0,5,59,71,27190,2966,-2313.423868,smFISH_Human_L2-L3_Replicate2,47,2,3290.340754,1822.839464
47,6,0,2,0,2,0,1,11,51,73,23072,2684,-2229.423868,smFISH_Human_L2-L3_Replicate2,48,2,2998.694417,1783.821341
48,5,0,1,0,0,0,1,10,53,70,18572,2542,-2357.423868,smFISH_Human_L2-L3_Replicate2,49,2,2878.381286,1932.39035
49,0,0,0,0,0,0,0,0,1,1,12098,2332,-2271.423868,smFISH_Human_L2-L3_Replicate2,50,1,2657.543201,1880.174067
50,0,2,18,0,2,1,0,1,4,28,17032,3698,-1581.423868,smFISH_Human_L2-L3_Replicate2,51,2,3899.297524,985.6897445
51,3,1,3,0,1,2,1,15,90,116,38046,3526,-2545.423868,smFISH_Human_L2-L3_Replicate2,52,2,3879.657966,1964.71696
52,2,0,3,0,0,0,0,14,16,35,16606,2730,-2607.423868,smFISH_Human_L2-L3_Replicate2,53,2,3103.050861,2150.031298
53,4,0,0,0,0,0,0,2,70,76,23916,3962,-2111.423868,smFISH_Human_L2-L3_Replicate2,54,2,4242.681661,1468.062354
54,0,0,1,0,21,0,0,0,0,22,17594,4082,-1375.423868,smFISH_Human_L2-L3_Replicate2,55,2,4246.495026,722.3536587
55,0,1,2,1,7,1,0,4,7,23,26142,4038,-1129.423868,smFISH_Human_L2-L3_Replicate2,56,2,4164.688912,486.2186133
56,4,1,0,0,2,0,0,24,77,108,25620,4206,-1085.423868,smFISH_Human_L2-L3_Replicate2,57,2,4323.7773,416.5703201
57,3,1,3,0,0,0,0,5,18,30,28956,4436,-457.4238679,smFISH_Human_L2-L3_Replicate2,58,2,4453.080114,239.6040335
58,4,1,2,1,0,0,1,3,18,30,28042,4236,138.5761321,smFISH_Human_L2-L3_Replicate2,59,2,4162.62636,797.1456163
59,0,1,0,0,0,0,0,0,2,3,17366,4618,124.5761321,smFISH_Human_L2-L3_Replicate2,60,2,4542.139597,842.8588788
60,3,1,2,3,19,2,2,1,5,38,24766,4446,-101.4238679,smFISH_Human_L2-L3_Replicate2,61,2,4407.468348,592.8115742
61,1,1,5,2,2,1,1,1,4,18,27570,4122,-647.4238679,smFISH_Human_L2-L3_Replicate2,62,2,4172.533135,2.983255239
62,1,1,0,1,1,0,1,2,1,8,13376,4050,-785.4238679,smFISH_Human_L2-L3_Replicate2,63,2,4122.923135,144.5526655
63,0,2,3,1,1,1,1,9,34,52,13736,4118,-913.4238679,smFISH_Human_L2-L3_Replicate2,64,2,4210.043312,260.3890794
64,0,0,1,0,4,0,0,24,1,30,23154,4498,-945.4238679,smFISH_Human_L2-L3_Replicate2,65,2,4590.386646,232.7675537
65,9,3,2,0,2,3,0,22,61,102,31070,4498,-1127.423868,smFISH_Human_L2-L3_Replicate2,66,2,4618.754895,412.5430872
66,3,2,6,0,2,2,1,20,111,147,32598,4664,-1299.423868,smFISH_Human_L2-L3_Replicate2,67,2,4809.53554,556.5665068
67,1,0,3,0,0,1,0,5,32,42,17168,4588,-1645.423868,smFISH_Human_L2-L3_Replicate2,68,2,4788.395286,910.183658
68,1,0,8,1,2,0,0,6,16,34,30562,4292,-1761.423868,smFISH_Human_L2-L3_Replicate2,69,2,4514.093962,1070.903239
69,1,1,2,0,0,0,0,19,71,94,32990,4144,-1653.423868,smFISH_Human_L2-L3_Replicate2,70,2,4351.068962,987.291938
70,6,4,32,4,5,1,4,4,6,66,27306,4132,-2207.423868,smFISH_Human_L2-L3_Replicate2,71,2,4425.567335,1536.391194
71,0,0,0,0,0,0,0,0,0,0,17042,4196,-2531.423868,smFISH_Human_L2-L3_Replicate2,72,2,4539.286823,1846.455506
72,0,0,0,0,0,0,0,0,0,0,11546,4066,-2563.423868,smFISH_Human_L2-L3_Replicate2,73,2,4415.863552,1898.327426
73,0,0,0,0,0,0,0,0,1,1,14196,5062,-1657.423868,smFISH_Human_L2-L3_Replicate2,74,3,5258.472329,848.1548461
74,0,0,1,0,0,0,0,0,1,2,19040,5298,-1359.423868,smFISH_Human_L2-L3_Replicate2,75,3,5445.138744,517.0119021
75,1,0,1,0,2,0,0,1,8,13,11948,4930,-1049.423868,smFISH_Human_L2-L3_Replicate2,76,2,5033.317021,268.1608052
76,5,0,3,0,0,0,0,15,58,81,28846,4804,-1049.423868,smFISH_Human_L2-L3_Replicate2,77,2,4908.857037,287.8003624
77,7,0,3,0,2,0,0,21,73,106,30550,5044,-743.4238679,smFISH_Human_L2-L3_Replicate2,78,2,5098.227607,51.86828083
78,4,2,3,1,15,5,0,3,8,41,34318,4894,-469.4238679,smFISH_Human_L2-L3_Replicate2,79,2,4907.352715,299.1389334
79,1,0,0,0,1,0,0,0,0,2,11402,4822,-253.4238679,smFISH_Human_L2-L3_Replicate2,80,2,4802.564911,501.2763031
80,4,2,2,1,1,0,0,12,47,69,16826,4722,-281.4238679,smFISH_Human_L2-L3_Replicate2,81,2,4708.151491,458.0315785
81,0,0,1,0,2,0,0,1,4,8,20925,5344,-83.42386792,smFISH_Human_L2-L3_Replicate2,82,2,5291.687032,750.5623846
82,9,1,3,1,1,1,1,8,80,105,35978,5274,-723.4238679,smFISH_Human_L2-L3_Replicate2,83,2,5322.299078,107.4738194
83,8,0,3,0,0,1,0,5,57,74,24266,5380,-545.4238679,smFISH_Human_L2-L3_Replicate2,84,2,5399.258738,299.8204094
84,0,2,3,0,2,1,0,18,61,87,29234,5462,-331.4238679,smFISH_Human_L2-L3_Replicate2,85,2,5446.900432,523.986127
85,0,0,1,0,0,0,0,0,2,3,16680,5740,-581.4238679,smFISH_Human_L2-L3_Replicate2,86,3,5760.469996,320.3734344
86,2,0,3,1,2,1,0,1,1,11,26362,5192,-957.4238679,smFISH_Human_L2-L3_Replicate2,87,2,5277.774773,136.4474514
87,6,26,2,1,4,0,1,22,96,158,38818,5590,-1071.423868,smFISH_Human_L2-L3_Replicate2,88,3,5688.679404,187.0180425
88,14,38,7,9,5,5,10,46,195,329,63924,5958,-1005.423868,smFISH_Human_L2-L3_Replicate2,89,3,6041.894194,64.46474055
89,10,19,5,5,5,4,2,29,96,175,50856,6252,-991.4238679,smFISH_Human_L2-L3_Replicate2,90,3,6330.118652,4.810219848
90,8,5,1,3,1,1,4,21,76,120,34604,6280,-1375.423868,smFISH_Human_L2-L3_Replicate2,91,3,6417.630315,379.7524938
91,0,1,2,0,2,0,0,21,3,29,29902,5786,-1275.423868,smFISH_Human_L2-L3_Replicate2,92,3,5914.081203,357.9742621
92,5,32,4,2,4,4,1,24,64,140,34832,5636,-1395.423868,smFISH_Human_L2-L3_Replicate2,93,3,5784.618894,499.8880061
93,1,2,2,1,47,2,1,2,22,80,30236,5588,-1635.423868,smFISH_Human_L2-L3_Replicate2,94,3,5774.614247,744.4363797
94,2,0,1,2,1,1,1,3,34,45,21860,5692,-1771.423868,smFISH_Human_L2-L3_Replicate2,95,3,5898.541376,862.5637128
95,0,1,1,0,2,0,0,0,2,6,28298,5524,-1981.423868,smFISH_Human_L2-L3_Replicate2,96,3,5765.327325,1096.183097
96,0,0,0,0,0,0,0,0,1,1,20086,6152,-1897.423868,smFISH_Human_L2-L3_Replicate2,97,3,6372.558655,915.3237267
97,0,0,0,0,0,0,0,0,3,3,16268,6282,-489.4238679,smFISH_Human_L2-L3_Replicate2,98,3,6281.505492,495.7302487
98,0,0,0,0,0,0,0,7,3,10,22390,5674,118.5761321,smFISH_Human_L2-L3_Replicate2,99,2,5586.16802,1001.530407
99,1,0,0,0,0,0,0,6,15,22,5255,5562,-21.42386792,smFISH_Human_L2-L3_Replicate2,100,2,5497.358652,845.7841506
100,0,0,0,0,0,0,0,0,4,4,22652,6276,-167.4238679,smFISH_Human_L2-L3_Replicate2,101,3,6225.388846,812.859437
101,0,3,0,0,3,0,0,2,2,10,14336,6356,-503.4238679,smFISH_Human_L2-L3_Replicate2,102,3,6356.783211,493.4357046
102,1,0,2,0,0,0,0,10,31,44,21938,5794,-2473.423868,smFISH_Human_L2-L3_Replicate2,103,3,6108.715087,1540.084938
103,1,0,0,0,6,0,0,2,4,13,26942,5556,-2537.423868,smFISH_Human_L2-L3_Replicate2,104,3,5883.599653,1640.39965
104,1,1,2,1,1,0,0,3,0,9,20702,4612,-2675.423868,smFISH_Human_L2-L3_Replicate2,105,0,4972.647536,1923.853776
105,1,0,0,0,2,0,0,1,0,4,20702,4404,-2671.423868,smFISH_Human_L2-L3_Replicate2,106,2,4766.566306,1952.323522
106,0,2,0,0,35,1,0,1,0,39,18120,5744,-2113.423868,smFISH_Human_L2-L3_Replicate2,107,3,6003.213183,1192.278457
107,0,0,1,0,1,0,0,0,0,2,15944,6564,-521.4238679,smFISH_Human_L2-L3_Replicate2,108,3,6565.046615,508.0765632
108,0,1,3,0,25,0,0,0,5,34,22936,6566,-665.4238679,smFISH_Human_L2-L3_Replicate2,109,3,6589.467378,366.1483197
109,0,1,1,0,6,0,0,5,2,15,22926,6696,-609.4238679,smFISH_Human_L2-L3_Replicate2,110,3,6709.149782,441.7269037
110,0,0,0,0,0,0,0,1,4,5,16942,7080,-643.4238679,smFISH_Human_L2-L3_Replicate2,111,3,7093.755965,467.996352
111,1,3,13,0,1,0,0,29,64,111,23950,6918,-217.4238679,smFISH_Human_L2-L3_Replicate2,112,3,6867.335577,863.5387743
112,3,2,2,2,0,0,1,9,35,54,22329,6502,112.5761321,smFISH_Human_L2-L3_Replicate2,113,3,6404.983136,1124.663688
113,0,1,0,0,0,0,0,5,6,12,17378,6384,102.5761321,smFISH_Human_L2-L3_Replicate2,114,3,6289.984068,1096.39331
114,0,0,0,0,0,0,0,0,0,0,5972,7096,16.57613208,smFISH_Human_L2-L3_Replicate2,115,3,7006.686536,1122.423517
115,0,0,0,0,0,0,0,0,0,0,15438,7360,-149.4238679,smFISH_Human_L2-L3_Replicate2,116,3,7293.334175,999.6019747
116,0,0,0,0,0,0,0,0,0,0,20432,7510,-331.4238679,smFISH_Human_L2-L3_Replicate2,117,3,7469.869073,843.2068665
117,11,32,2,3,3,2,3,23,153,232,60382,7018,-917.4238679,smFISH_Human_L2-L3_Replicate2,118,3,7075.221994,187.6813651
118,0,1,1,0,0,1,0,1,1,5,28712,7202,-1163.423868,smFISH_Human_L2-L3_Replicate2,119,3,7295.31698,26.63195009
119,0,0,0,0,0,0,0,0,0,0,20400,7012,-1135.423868,smFISH_Human_L2-L3_Replicate2,120,3,7103.274879,28.58938104
120,2,2,1,2,0,0,3,0,4,14,50080,7468,-771.4238679,smFISH_Human_L2-L3_Replicate2,121,3,7496.964992,402.0381787
121,0,0,0,0,0,0,0,0,1,1,8066,7358,-1219.423868,smFISH_Human_L2-L3_Replicate2,122,3,7458.138986,57.63185658
122,0,0,1,0,61,0,1,0,4,67,34998,8158,-585.4238679,smFISH_Human_L2-L3_Replicate2,123,3,8149.539847,693.314779
123,5,20,5,2,4,2,2,9,88,137,45168,7776,-631.4238679,smFISH_Human_L2-L3_Replicate2,124,3,7779.37878,588.3348571
124,0,0,0,0,0,0,0,0,0,0,20308,7884,-365.4238679,smFISH_Human_L2-L3_Replicate2,125,3,7844.597479,867.9176199
125,1,2,0,0,44,0,1,1,4,53,30840,8268,-243.4238679,smFISH_Human_L2-L3_Replicate2,126,3,8204.88802,1048.280383
126,6,28,2,1,1,4,3,7,74,126,24570,8128,-369.4238679,smFISH_Human_L2-L3_Replicate2,127,3,8086.238705,901.9986677
127,1,2,0,1,1,0,1,6,28,40,13184,8242,-407.4238679,smFISH_Human_L2-L3_Replicate2,128,3,8204.768399,882.2322399
128,0,1,0,0,1,0,0,2,0,4,17454,8366,-589.4238679,smFISH_Human_L2-L3_Replicate2,129,3,8355.621078,721.7845247
129,0,0,0,0,0,0,0,0,2,2,22044,8630,-407.4238679,smFISH_Human_L2-L3_Replicate2,130,3,8588.02613,942.7096066
130,0,3,3,1,2,2,0,3,1,15,30558,8702,152.5761321,smFISH_Human_L2-L3_Replicate2,131,3,8571.8592,1507.087698
131,2,21,1,2,1,1,2,7,63,100,33238,8582,-667.4238679,smFISH_Human_L2-L3_Replicate2,132,3,8581.138873,678.4056799
132,2,3,3,0,68,0,0,0,4,80,30162,8968,-945.4238679,smFISH_Human_L2-L3_Replicate2,133,3,9005.75277,463.9691191
133,4,3,4,0,4,2,1,35,73,126,46106,8938,-1401.423868,smFISH_Human_L2-L3_Replicate2,134,3,9047.195933,8.866422712
134,6,6,4,8,4,4,8,25,132,197,52120,8570,-1547.423868,smFISH_Human_L2-L3_Replicate2,135,3,8706.450702,192.7090918
135,11,24,8,4,8,6,10,30,105,206,64218,7928,-1499.423868,smFISH_Human_L2-L3_Replicate2,136,3,8064.815711,245.3639844
136,8,16,3,1,5,1,2,21,51,108,37856,8000,-1899.423868,smFISH_Human_L2-L3_Replicate2,137,3,8198.283503,629.2524428
137,1,2,2,0,2,1,0,2,2,12,15216,7872,-1931.423868,smFISH_Human_L2-L3_Replicate2,138,3,8076.835787,680.812624
138,5,9,1,1,0,0,1,8,43,68,26458,7104,-2065.423868,smFISH_Human_L2-L3_Replicate2,139,3,7339.10906,932.8826073
139,5,32,3,2,4,3,3,7,66,125,47790,8848,-1839.423868,smFISH_Human_L2-L3_Replicate2,140,3,9026.566785,437.8084459
140,3,18,6,13,8,4,8,35,72,167,43486,9064,-1635.423868,smFISH_Human_L2-L3_Replicate2,141,3,9208.129381,202.6339917
141,5,9,5,4,5,2,7,6,32,75,35522,9520,-1647.423868,smFISH_Human_L2-L3_Replicate2,142,3,9660.426426,143.4108307
142,0,1,1,0,1,0,0,1,0,4,18742,9298,-705.4238679,smFISH_Human_L2-L3_Replicate2,143,3,9294.310716,752.4726922
143,0,0,0,0,0,1,0,0,2,3,29228,9324,-1353.423868,smFISH_Human_L2-L3_Replicate2,144,3,9420.996372,116.4453779
144,5,20,2,4,6,1,0,9,37,84,24098,9186,-1023.423868,smFISH_Human_L2-L3_Replicate2,145,3,9233.24612,420.9020133
145,6,22,1,2,2,3,4,27,166,233,53954,9530,-975.4238679,smFISH_Human_L2-L3_Replicate2,146,3,9565.559898,521.9344494
146,0,0,0,0,0,0,0,0,1,1,14412,6644,-1971.423868,smFISH_Human_L2-L3_Replicate2,147,3,6870.079605,911.7314784
147,0,1,2,0,0,0,0,0,3,6,20802,6532,-1895.423868,smFISH_Human_L2-L3_Replicate2,148,3,6747.602425,854.1177607
148,3,3,2,2,4,0,3,5,14,36,14458,6814,-2237.423868,smFISH_Human_L2-L3_Replicate2,149,3,7079.463094,1147.98252
149,0,0,0,0,0,0,0,0,1,1,27538,8392,-2093.423868,smFISH_Human_L2-L3_Replicate2,150,3,8615.731027,759.7804634
150,0,0,0,0,0,0,0,0,1,1,20944,8246,-2189.423868,smFISH_Human_L2-L3_Replicate2,151,3,8486.478962,877.3640657
151,2,0,0,3,1,0,2,1,2,11,28166,8002,-2289.423868,smFISH_Human_L2-L3_Replicate2,152,3,8261.048164,1014.17399
152,11,30,9,12,10,8,11,17,86,194,60924,7606,-1873.423868,smFISH_Human_L2-L3_Replicate2,153,3,7805.046499,664.9828074
153,1,2,0,0,0,0,0,2,3,8,20846,7066,-2535.423868,smFISH_Human_L2-L3_Replicate2,154,3,7374.832175,1403.061147
154,0,0,0,0,0,0,0,0,1,1,16278,6924,-399.4238679,smFISH_Human_L2-L3_Replicate2,155,3,6901.630492,684.6984579
155,0,1,1,0,1,0,0,1,0,4,7994,9528,40.57613208,smFISH_Human_L2-L3_Replicate2,156,3,9405.220928,1525.204809
156,0,1,0,0,1,0,0,1,3,6,19344,9196,-541.4238679,smFISH_Human_L2-L3_Replicate2,157,3,9167.994797,898.5695386
157,2,1,0,1,1,0,1,2,1,9,17712,8988,-679.4238679,smFISH_Human_L2-L3_Replicate2,158,3,8984.047035,729.8353657
158,6,0,0,0,84,0,0,1,4,95,26538,8898,-2327.423868,smFISH_Human_L2-L3_Replicate2,159,3,9152.019985,912.0504672
159,4,21,2,1,1,7,1,18,84,139,40925,9146,78.57613208,smFISH_Human_L2-L3_Replicate2,160,3,9021.966823,1503.198211
160,11,44,3,7,4,2,4,5,151,231,70120,9896,-2491.423868,smFISH_Human_L2-L3_Replicate2,161,3,10163.38468,918.4882401
161,1,3,2,3,6,2,3,3,10,33,15872,10662,-2345.423868,smFISH_Human_L2-L3_Replicate2,162,3,10897.26542,654.8766639
162,2,5,3,2,1,2,0,4,35,54,32390,11182,-2497.423868,smFISH_Human_L2-L3_Replicate2,163,3,11434.60197,723.9667268
163,0,0,0,0,0,0,0,0,0,0,17420,9974,-1667.423868,smFISH_Human_L2-L3_Replicate2,164,3,10111.99487,92.40163008
164,0,0,1,1,70,0,0,0,5,77,30218,10044,-1253.423868,smFISH_Human_L2-L3_Replicate2,165,3,10116.60933,327.4491848
165,1,0,0,0,1,0,0,0,1,3,18964,9928,-1387.423868,smFISH_Human_L2-L3_Replicate2,166,3,10022.91364,177.0061166
166,0,0,0,0,0,0,0,0,0,0,17698,9726,-1659.423868,smFISH_Human_L2-L3_Replicate2,167,3,9865.779057,123.1550453
167,0,2,0,0,1,0,0,1,2,6,23468,11012,-927.4238679,smFISH_Human_L2-L3_Replicate2,168,3,11021.96465,800.3463784
168,4,21,4,1,6,2,1,9,64,112,31764,10968,-657.4238679,smFISH_Human_L2-L3_Replicate2,169,3,10936.41767,1060.188088
169,0,1,0,0,0,0,0,0,2,3,25998,10474,-195.4238679,smFISH_Human_L2-L3_Replicate2,170,3,10376.44379,1439.541831
170,0,0,5,0,0,0,0,4,9,18,17023,10016,86.57613208,smFISH_Human_L2-L3_Replicate2,171,3,9880.086428,1646.706898
171,3,8,21,2,10,2,1,22,53,122,20835,9882,94.57613208,smFISH_Human_L2-L3_Replicate2,172,3,9746.477266,1633.722606
172,3,18,2,5,3,2,4,14,36,87,34738,9684,316.5761321,smFISH_Human_L2-L3_Replicate2,173,3,9516.29426,1822.147085
173,2,4,2,2,1,2,2,14,60,89,29378,10056,-183.4238679,smFISH_Human_L2-L3_Replicate2,174,3,9961.682299,1386.241711
174,1,3,1,1,3,0,1,2,7,19,17028,9924,-85.42386792,smFISH_Human_L2-L3_Replicate2,175,3,9816.020438,1462.469147
175,0,1,0,1,1,0,1,3,17,24,15642,10196,-515.4238679,smFISH_Human_L2-L3_Replicate2,176,3,10151.71985,1080.121259
176,9,20,0,2,2,7,5,8,85,138,27676,10148,-625.4238679,smFISH_Human_L2-L3_Replicate2,177,3,10121.45216,963.9839812
177,0,1,0,1,0,0,0,0,7,9,14042,10788,-297.4238679,smFISH_Human_L2-L3_Replicate2,178,3,10702.50467,1387.731534
178,7,17,2,6,2,2,5,1,56,98,26216,10712,-237.4238679,smFISH_Human_L2-L3_Replicate2,179,3,10618.0814,1435.152111
179,3,2,1,0,0,1,0,0,27,34,23836,10374,-1465.423868,smFISH_Human_L2-L3_Replicate2,180,3,10475.6203,169.4772572
180,9,25,5,6,6,10,9,7,45,122,34100,10322,-1343.423868,smFISH_Human_L2-L3_Replicate2,181,3,10405.23978,281.8809172
181,5,23,4,4,5,12,1,7,51,112,35302,11222,-1511.423868,smFISH_Human_L2-L3_Replicate2,182,3,11320.42575,256.2168225
182,0,1,1,1,2,0,0,1,1,7,30970,10990,-1849.423868,smFISH_Human_L2-L3_Replicate2,183,3,11143.94522,113.8137498
183,0,0,1,0,0,0,0,0,0,1,18088,11632,-1135.423868,smFISH_Human_L2-L3_Replicate2,184,3,11666.80765,691.527717
184,8,31,3,4,4,9,6,6,73,144,45234,12052,-1299.423868,smFISH_Human_L2-L3_Replicate2,185,4,12107.23687,594.9973721
185,0,0,1,0,0,0,0,1,5,7,12926,12110,-565.4238679,smFISH_Human_L2-L3_Replicate2,186,0,12050.11976,1329.066603
186,11,20,6,9,5,3,9,15,62,140,30860,12000,-487.4238679,smFISH_Human_L2-L3_Replicate2,187,0,11929.30639,1388.967615
187,0,2,1,0,1,2,0,2,5,13,21312,12044,-1983.423868,smFISH_Human_L2-L3_Replicate2,188,4,12205.94938,81.88950089
188,4,12,3,5,4,5,4,3,45,85,33140,12016,-1771.423868,smFISH_Human_L2-L3_Replicate2,189,4,12145.24727,123.1550162
189,0,2,0,0,1,0,0,1,0,4,24398,12406,-1415.423868,smFISH_Human_L2-L3_Replicate2,190,4,12474.99102,535.5929676
190,3,16,2,1,2,3,1,3,27,58,19872,12492,-1275.423868,smFISH_Human_L2-L3_Replicate2,191,4,12538.11817,687.2866166
191,3,11,3,1,0,8,4,4,79,113,41458,12486,-2005.423868,smFISH_Human_L2-L3_Replicate2,192,4,12645.97624,34.72628957
192,0,0,0,0,0,0,0,1,1,2,14396,11918,-1945.423868,smFISH_Human_L2-L3_Replicate2,193,4,12075.56636,63.99350717
193,1,1,0,1,0,0,1,12,0,16,24076,10022,-2153.423868,smFISH_Human_L2-L3_Replicate2,194,3,10235.16078,564.979835
194,2,4,34,1,1,2,4,11,31,90,29380,11740,-1235.423868,smFISH_Human_L2-L3_Replicate2,195,3,11789.07459,609.5838575
195,2,0,0,2,0,1,2,0,5,12,13370,12850,-755.4238679,smFISH_Human_L2-L3_Replicate2,196,4,12810.69043,1256.73228
196,10,15,0,3,1,6,3,2,55,95,27586,12736,-727.4238679,smFISH_Human_L2-L3_Replicate2,197,4,12693.71943,1266.620931
197,1,1,0,0,0,1,0,0,7,10,15844,12746,-1569.423868,smFISH_Human_L2-L3_Replicate2,198,4,12834.83932,436.4708391
198,2,1,1,1,1,3,2,3,39,53,17320,12568,-2489.423868,smFISH_Human_L2-L3_Replicate2,199,4,12802.41484,500.0293761
199,0,0,0,0,0,0,0,0,1,1,13078,12688,-2483.423868,smFISH_Human_L2-L3_Replicate2,200,4,12920.01294,475.39837
200,2,4,0,2,0,3,1,0,14,26,20630,12874,-2343.423868,smFISH_Human_L2-L3_Replicate2,201,4,13081.91786,308.1177707
201,0,0,0,0,1,0,0,0,2,3,12706,12916,-2133.423868,smFISH_Human_L2-L3_Replicate2,202,4,13090.67192,94.13794383
202,0,0,0,0,0,0,0,1,1,2,9730,12450,-1739.423868,smFISH_Human_L2-L3_Replicate2,203,4,12568.95495,222.411265
203,1,3,0,1,0,25,0,1,62,93,28060,12944,-1935.423868,smFISH_Human_L2-L3_Replicate2,204,4,13087.46754,105.8063782
204,0,0,1,1,0,3,1,1,36,43,22274,12944,-1375.423868,smFISH_Human_L2-L3_Replicate2,205,4,13000.18062,658.9618657
205,1,0,0,1,0,0,1,0,1,4,21072,13540,-1639.423868,smFISH_Human_L2-L3_Replicate2,206,4,13630.04565,491.0867875
206,0,0,0,0,22,0,0,0,0,22,19186,13440,-1531.423868,smFISH_Human_L2-L3_Replicate2,207,4,13514.43398,582.1798242
207,1,3,0,1,0,8,0,0,51,64,32792,13496,-1971.423868,smFISH_Human_L2-L3_Replicate2,208,4,13638.33211,156.2863475
208,10,54,11,1,3,4,3,23,92,201,39740,13066,-721.4238679,smFISH_Human_L2-L3_Replicate2,209,4,13018.75084,1323.984532
209,1,0,0,0,0,3,0,1,11,16,13634,12738,-217.4238679,smFISH_Human_L2-L3_Replicate2,210,4,12616.20154,1770.699274
210,3,19,1,1,0,10,1,5,20,60,10939,12776,-35.42386792,smFISH_Human_L2-L3_Replicate2,211,4,12625.36884,1956.397849
211,3,10,1,0,0,3,0,1,27,45,16890,12834,-205.4238679,smFISH_Human_L2-L3_Replicate2,212,4,12709.15776,1797.516079
212,0,6,0,0,0,7,0,0,34,47,23694,12992,-201.4238679,smFISH_Human_L2-L3_Replicate2,213,4,12864.60315,1826.09457
213,0,6,2,0,0,7,0,1,57,73,29290,13468,-333.4238679,smFISH_Human_L2-L3_Replicate2,214,4,13355.36009,1769.901803
214,1,2,2,1,1,4,0,2,8,21,20520,13282,296.5761321,smFISH_Human_L2-L3_Replicate2,215,4,13073.43566,2363.209999
215,0,1,0,1,0,1,2,1,8,14,17996,13422,-523.4238679,smFISH_Human_L2-L3_Replicate2,216,4,13339.53752,1575.054051
216,0,0,0,0,0,0,0,0,3,3,21204,14222,-597.4238679,smFISH_Human_L2-L3_Replicate2,217,4,14141.29399,1626.654106
217,2,5,1,1,2,5,1,3,41,61,39594,14436,-443.4238679,smFISH_Human_L2-L3_Replicate2,218,4,14328.6745,1812.127938
218,0,0,0,0,0,1,0,0,1,2,27966,14644,-187.4238679,smFISH_Human_L2-L3_Replicate2,219,4,14494.22966,2097.419874
219,1,12,3,1,14,9,0,4,55,99,31662,14132,106.5761321,smFISH_Human_L2-L3_Replicate2,220,4,13942.66187,2308.021321
220,2,2,5,0,3,8,2,2,34,58,38268,13946,188.5761321,smFISH_Human_L2-L3_Replicate2,221,4,13746.15393,2360.027361
221,1,1,0,0,0,0,1,0,0,3,4293,13956,-23.42386792,smFISH_Human_L2-L3_Replicate2,222,4,13789.07604,2152.177193
222,9,27,1,5,3,3,5,23,125,201,38578,13904,-805.4238679,smFISH_Human_L2-L3_Replicate2,223,4,13859.60155,1371.629852
223,0,1,1,0,1,2,0,1,2,8,17538,14116,-1279.423868,smFISH_Human_L2-L3_Replicate2,224,4,14142.89256,936.4675768
224,0,2,1,1,0,3,0,0,22,29,13795,14500,-63.42386792,smFISH_Human_L2-L3_Replicate2,225,4,14332.66186,2197.459096
225,1,6,2,0,4,3,1,5,38,60,25520,13716,-2385.423868,smFISH_Human_L2-L3_Replicate2,226,4,13920.17316,218.3623118
226,0,13,2,0,1,12,0,0,58,86,33738,13558,-2513.423868,smFISH_Human_L2-L3_Replicate2,227,4,13784.05559,369.4252331
227,0,0,0,0,124,4,0,1,2,131,40836,13212,-2389.423868,smFISH_Human_L2-L3_Replicate2,228,4,13422.9567,300.8716513
228,1,7,1,0,0,6,1,0,60,76,29566,13338,-2549.423868,smFISH_Human_L2-L3_Replicate2,229,4,13572.35581,439.2765191
229,3,0,6,1,5,0,2,1,9,27,18056,12772,-2121.423868,smFISH_Human_L2-L3_Replicate2,230,4,12946.56151,104.7298202
230,0,0,0,0,5,1,0,0,1,7,15564,13794,-2005.423868,smFISH_Human_L2-L3_Replicate2,231,4,13937.98941,169.1510187
231,0,1,3,0,0,2,0,2,50,58,31084,13922,-1565.423868,smFISH_Human_L2-L3_Replicate2,232,4,13995.84237,623.7244837
232,0,1,1,0,9,0,0,3,2,16,33696,13864,-1385.423868,smFISH_Human_L2-L3_Replicate2,233,4,13910.49476,792.4840308
233,0,1,0,0,0,0,0,0,22,23,22410,13736,-1529.423868,smFISH_Human_L2-L3_Replicate2,234,4,13806.50442,630.292752
234,0,1,1,0,44,0,0,0,3,49,26458,14144,-1531.423868,smFISH_Human_L2-L3_Replicate2,235,4,14209.82945,691.9119534
235,0,0,0,0,0,0,0,0,1,1,18432,13716,-1155.423868,smFISH_Human_L2-L3_Replicate2,236,4,13728.45368,996.6042055
236,0,0,1,0,0,0,0,0,0,1,18878,14056,-215.4238679,smFISH_Human_L2-L3_Replicate2,237,4,13917.78075,1978.110833
237,0,0,0,0,6,0,0,0,0,6,14406,14588,170.5761321,smFISH_Human_L2-L3_Replicate2,238,4,14383.11283,2442.315583
238,1,0,0,1,1,11,1,3,32,50,26189,14254,-79.42386792,smFISH_Human_L2-L3_Replicate2,239,4,14092.16247,2143.310756
239,1,4,1,2,2,0,2,0,15,27,14788,14406,-133.4238679,smFISH_Human_L2-L3_Replicate2,240,4,14250.72163,2113.662927
240,0,0,1,0,0,6,0,0,34,41,22790,14856,-251.4238679,smFISH_Human_L2-L3_Replicate2,241,4,14713.61418,2067.246439
241,2,6,0,1,4,0,1,5,1,20,22128,14772,-743.4238679,smFISH_Human_L2-L3_Replicate2,242,4,14707.32865,1568.166794
242,0,1,2,0,1,0,0,1,3,8,29142,15198,-291.4238679,smFISH_Human_L2-L3_Replicate2,243,4,15057.66891,2081.042702
243,1,0,0,0,0,24,1,2,61,89,36100,15126,-1051.423868,smFISH_Human_L2-L3_Replicate2,244,4,15105.00974,1319.109079
244,0,0,0,0,0,0,0,0,0,0,15808,14950,-809.4238679,smFISH_Human_L2-L3_Replicate2,245,4,14893.44046,1530.71824
245,1,0,0,1,0,0,1,0,0,3,17168,14852,-793.4238679,smFISH_Human_L2-L3_Replicate2,246,4,14794.14434,1531.247471
246,0,0,0,0,0,0,0,0,3,3,22950,15238,298.5761321,smFISH_Human_L2-L3_Replicate2,247,4,15005.21701,2670.0663
247,7,11,4,6,8,3,5,7,2,53,21012,15416,302.5761321,smFISH_Human_L2-L3_Replicate2,248,4,15180.41796,2701.762181
248,4,6,2,2,2,3,2,1,34,56,30368,15482,-625.4238679,smFISH_Human_L2-L3_Replicate2,249,4,15390.25818,1795.391903
249,0,0,1,0,1,24,0,0,54,80,27406,15684,-625.4238679,smFISH_Human_L2-L3_Replicate2,250,4,15589.78927,1826.877543
250,0,1,1,2,1,8,1,1,45,60,28216,15678,-383.4238679,smFISH_Human_L2-L3_Replicate2,251,4,15546.14218,2064.984519
251,1,0,2,2,0,16,1,2,22,46,9021,15786,32.57613208,smFISH_Human_L2-L3_Replicate2,252,4,15587.98046,2492.73393
252,2,6,2,3,2,6,3,1,43,68,32864,15822,-161.4238679,smFISH_Human_L2-L3_Replicate2,253,4,15653.77914,2306.716367
253,1,6,1,0,1,2,0,3,20,34,22534,15220,-1719.423868,smFISH_Human_L2-L3_Replicate2,254,4,15301.98167,673.9253379
254,1,4,3,2,3,4,2,3,55,77,32238,14358,-2185.423868,smFISH_Human_L2-L3_Replicate2,255,4,14523.15252,79.26143954
255,1,3,0,1,0,0,1,0,6,12,31888,14152,-2101.423868,smFISH_Human_L2-L3_Replicate2,256,4,14306.57728,130.1256453
256,3,8,0,0,0,2,0,0,44,57,26402,14048,-2443.423868,smFISH_Human_L2-L3_Replicate2,257,4,14257.15578,223.9047413
257,1,1,2,0,5,1,1,2,7,20,23590,13872,-2483.423868,smFISH_Human_L2-L3_Replicate2,258,4,14089.54169,290.8488799
258,1,4,4,1,2,1,1,2,37,53,24298,14434,-1943.423868,smFISH_Human_L2-L3_Replicate2,259,4,14560.5032,330.1497145
259,2,0,0,1,0,2,1,0,11,17,17586,14708,-1695.423868,smFISH_Human_L2-L3_Replicate2,260,4,14792.49864,617.8268168
260,0,7,1,0,2,1,0,1,16,28,17930,14892,-1723.423868,smFISH_Human_L2-L3_Replicate2,261,4,14978.61408,618.8490307
261,3,5,3,1,4,3,1,3,41,64,22240,14928,-1927.423868,smFISH_Human_L2-L3_Replicate2,262,4,15045.97145,422.9536909
262,2,2,3,2,1,11,1,2,50,74,30812,15106,-1965.423868,smFISH_Human_L2-L3_Replicate2,263,4,15227.71892,413.1629112
263,0,0,1,1,0,4,0,1,35,42,20388,15654,-2043.423868,smFISH_Human_L2-L3_Replicate2,264,4,15781.17889,421.532741
264,0,2,0,0,3,6,0,1,41,53,22826,15834,-1925.423868,smFISH_Human_L2-L3_Replicate2,265,4,15940.58627,566.1470148
265,1,1,2,1,1,0,1,1,1,9,28432,15634,-2347.423868,smFISH_Human_L2-L3_Replicate2,266,4,15808.80767,118.1309434
266,0,1,3,0,13,0,0,2,1,20,24398,15006,-2401.423868,smFISH_Human_L2-L3_Replicate2,267,4,15196.90025,33.09509711
267,0,0,0,0,0,3,0,0,10,13,26362,15224,-2411.423868,smFISH_Human_L2-L3_Replicate2,268,4,15413.79448,8.99332229
268,0,2,0,0,1,2,0,1,20,26,13532,14474,-1649.423868,smFISH_Human_L2-L3_Replicate2,269,4,14554.18867,626.7911256
269,1,4,2,1,26,3,1,1,45,84,38220,14186,-1737.423868,smFISH_Human_L2-L3_Replicate2,270,4,14283.42523,494.9762753
270,1,3,1,1,3,2,0,4,3,18,19476,13234,-469.4238679,smFISH_Human_L2-L3_Replicate2,271,4,13145.41837,1599.090578
271,1,0,3,0,5,0,0,0,2,11,28546,15502,-1217.423868,smFISH_Human_L2-L3_Replicate2,272,4,15502.28848,1213.744921
272,0,0,0,0,0,10,0,0,44,54,18752,15882,-1219.423868,smFISH_Human_L2-L3_Replicate2,273,4,15877.95573,1270.999776
273,1,0,2,0,17,2,0,1,22,45,29296,16166,-1701.423868,smFISH_Human_L2-L3_Replicate2,274,0,16233.61368,839.1578844
274,1,0,2,1,0,16,1,0,55,76,25054,16568,-1583.423868,smFISH_Human_L2-L3_Replicate2,275,5,16612.3077,1018.375188
275,0,1,2,0,1,14,0,2,43,63,16612,16344,-1765.423868,smFISH_Human_L2-L3_Replicate2,276,5,16419.41375,803.6848857
276,0,1,0,0,1,2,0,1,12,17,16040,16294,-1877.423868,smFISH_Human_L2-L3_Replicate2,277,5,16387.48226,685.2603131
277,0,0,0,0,1,0,0,0,2,3,17618,16676,-1701.423868,smFISH_Human_L2-L3_Replicate2,278,5,16737.38029,918.6513303
278,0,0,1,0,4,0,0,0,8,13,12966,16554,-1739.423868,smFISH_Human_L2-L3_Replicate2,279,5,16622.79446,862.0997001
279,0,17,1,0,2,18,0,5,143,186,34784,16372,-1223.423868,smFISH_Human_L2-L3_Replicate2,280,4,16362.59026,1343.424721
280,0,0,0,0,0,0,0,0,1,1,23488,17748,-1499.423868,smFISH_Human_L2-L3_Replicate2,281,5,17764.7923,1285.274523
281,0,0,0,0,0,0,0,0,0,0,28676,17172,-635.4238679,smFISH_Human_L2-L3_Replicate2,282,5,17061.16112,2048.933585
282,0,0,0,0,0,2,0,0,19,21,20802,16608,-1013.423868,smFISH_Human_L2-L3_Replicate2,283,0,16562.97319,1587.643232
283,0,1,0,0,0,0,0,1,3,5,18968,16808,-473.4238679,smFISH_Human_L2-L3_Replicate2,284,4,16676.35919,2152.217067
284,1,1,0,1,1,15,1,0,66,86,25846,16200,-409.4238679,smFISH_Human_L2-L3_Replicate2,285,4,16065.81473,2120.666179
285,1,1,1,1,0,0,0,0,4,8,27396,16184,-141.4238679,smFISH_Human_L2-L3_Replicate2,286,4,16008.23726,2382.896679
286,0,1,1,0,1,1,0,1,1,6,12066,16502,-589.4238679,smFISH_Human_L2-L3_Replicate2,287,4,16392.18009,1989.938791
287,1,1,2,1,0,3,1,2,21,32,26810,16474,-481.4238679,smFISH_Human_L2-L3_Replicate2,288,4,16347.68841,2092.254432
288,0,0,0,0,0,0,0,0,0,0,11500,16682,48.57613208,smFISH_Human_L2-L3_Replicate2,289,4,16470.53533,2648.197446
289,3,2,3,2,1,22,2,4,101,140,40026,17182,-271.4238679,smFISH_Human_L2-L3_Replicate2,290,0,17014.30239,2410.043347
290,3,2,3,4,2,29,3,2,116,164,36777,17084,-91.42386792,smFISH_Human_L2-L3_Replicate2,291,4,16889.44367,2572.568114
291,0,0,0,0,0,0,0,0,3,3,21964,18144,-521.4238679,smFISH_Human_L2-L3_Replicate2,292,5,18003.51188,2313.045393
292,0,1,0,0,1,0,0,1,2,5,16358,18050,-443.4238679,smFISH_Human_L2-L3_Replicate2,293,5,17898.50295,2375.440317
293,1,1,1,0,9,1,1,1,0,15,18330,17838,-683.4238679,smFISH_Human_L2-L3_Replicate2,294,5,17726.50277,2105.329345
294,0,0,2,0,0,14,0,1,71,88,26826,17564,-493.4238679,smFISH_Human_L2-L3_Replicate2,295,5,17426.23649,2250.298857
295,0,1,1,0,0,2,0,1,19,24,14524,17674,-485.4238679,smFISH_Human_L2-L3_Replicate2,296,5,17533.64508,2275.346723
296,0,0,0,0,3,0,0,0,0,3,15138,17832,-557.4238679,smFISH_Human_L2-L3_Replicate2,297,5,17700.93655,2228.854113
297,0,2,1,0,2,0,0,2,0,7,4137,17780,-25.42386792,smFISH_Human_L2-L3_Replicate2,298,5,17566.64954,2746.246612
298,0,1,1,0,17,2,0,2,1,24,11279,17604,32.57613208,smFISH_Human_L2-L3_Replicate2,299,5,17383.76024,2776.104684
299,0,0,0,0,1,0,0,0,0,1,4000,17694,14.57613208,smFISH_Human_L2-L3_Replicate2,300,5,17475.46588,2772.352941
300,0,1,0,0,0,0,0,0,1,2,14250,17172,-1135.423868,smFISH_Human_L2-L3_Replicate2,301,5,17139.09587,1555.044757
301,0,0,0,0,0,10,0,0,67,77,33150,16988,-1373.423868,smFISH_Human_L2-L3_Replicate2,302,5,16994.44172,1291.273686
302,1,1,5,1,1,13,1,1,53,77,27716,16212,-1049.423868,smFISH_Human_L2-L3_Replicate2,303,4,16177.42454,1490.358913
303,0,0,0,0,0,19,0,0,62,81,22768,15878,-899.4238679,smFISH_Human_L2-L3_Replicate2,304,4,15824.12638,1586.465148
304,0,0,0,0,0,7,0,0,37,44,10368,15776,-825.4238679,smFISH_Human_L2-L3_Replicate2,305,4,15711.83871,1643.662006
305,0,0,0,0,0,0,0,0,4,4,12006,16000,-849.4238679,smFISH_Human_L2-L3_Replicate2,306,4,15936.84178,1654.87011
306,1,0,0,1,0,2,1,0,5,10,12452,15770,-717.4238679,smFISH_Human_L2-L3_Replicate2,307,4,15689.07814,1749.406776
307,2,1,0,1,3,13,2,2,60,84,29716,16656,-1439.423868,smFISH_Human_L2-L3_Replicate2,308,5,16676.78693,1174.331686
308,4,53,3,6,0,2,6,33,104,211,36642,15800,-1379.423868,smFISH_Human_L2-L3_Replicate2,309,4,15821.89708,1100.174052
309,1,3,3,2,3,14,3,8,49,86,34876,16398,266.5761321,smFISH_Human_L2-L3_Replicate2,310,4,16156.02692,2819.266037
310,4,0,0,3,0,6,3,0,58,74,26490,16040,222.5761321,smFISH_Human_L2-L3_Replicate2,311,4,15809.26078,2720.002538
311,0,0,0,0,0,0,0,2,4,6,11754,15892,516.5761321,smFISH_Human_L2-L3_Replicate2,312,4,15617.24405,2987.340483
312,0,0,0,0,0,9,0,3,18,30,12196,16238,380.5761321,smFISH_Human_L2-L3_Replicate2,313,4,15980.21337,2906.933569
313,0,0,0,0,0,6,0,0,20,26,15878,16196,254.5761321,smFISH_Human_L2-L3_Replicate2,314,4,15958.36627,2775.927065
314,0,0,0,0,0,0,0,2,2,4,11710,15900,418.5761321,smFISH_Human_L2-L3_Replicate2,315,4,15640.42148,2891.785228
315,0,1,1,0,1,0,0,1,0,4,13852,17764,-947.4238679,smFISH_Human_L2-L3_Replicate2,316,5,17694.55677,1833.021701
316,1,1,56,2,8,1,3,20,4,96,25214,17636,-969.4238679,smFISH_Human_L2-L3_Replicate2,317,5,17571.55036,1791.339296
317,1,0,0,1,1,0,1,1,2,7,19284,17382,-1837.423868,smFISH_Human_L2-L3_Replicate2,318,5,17455.94957,894.3574372
318,0,0,2,0,0,3,0,0,19,24,19826,16930,-2015.423868,smFISH_Human_L2-L3_Replicate2,319,5,17037.21884,648.0799996
319,2,1,2,1,1,26,1,1,80,115,20016,16910,-1897.423868,smFISH_Human_L2-L3_Replicate2,320,5,16999.07068,761.520373
320,0,1,1,1,1,0,0,0,3,7,13080,17254,-1827.423868,smFISH_Human_L2-L3_Replicate2,321,5,17327.95533,884.2839176
321,0,1,1,0,1,9,0,2,15,29,15848,17186,-1759.423868,smFISH_Human_L2-L3_Replicate2,322,5,17250.18732,940.8536721
322,0,4,0,0,1,0,0,4,26,35,15362,17830,-2001.423868,smFISH_Human_L2-L3_Replicate2,323,5,17924.03655,802.1914384
323,0,0,1,1,1,1,0,0,2,6,18698,17976,-1917.423868,smFISH_Human_L2-L3_Replicate2,324,5,18055.15905,907.9217087
324,0,1,0,0,1,0,0,1,0,3,15368,17856,-1835.423868,smFISH_Human_L2-L3_Replicate2,325,5,17923.84444,970.2151364
325,0,1,0,0,1,1,0,0,29,32,29246,18072,-1341.423868,smFISH_Human_L2-L3_Replicate2,326,5,18060.20488,1491.845111
326,1,0,0,0,0,0,1,0,1,3,27652,18368,-1425.423868,smFISH_Human_L2-L3_Replicate2,327,5,18365.6801,1455.00916
327,0,0,1,0,1,0,0,1,1,4,22736,18480,-1191.423868,smFISH_Human_L2-L3_Replicate2,328,5,18439.83773,1703.606516
328,5,0,4,7,0,46,4,18,111,195,55430,18860,-919.4238679,smFISH_Human_L2-L3_Replicate2,329,5,18772.79674,2031.512449
329,1,1,2,1,0,26,1,11,92,135,35794,19136,-573.4238679,smFISH_Human_L2-L3_Replicate2,330,5,18991.49252,2416.303501
330,0,1,1,0,0,9,0,0,49,60,31306,19092,182.5761321,smFISH_Human_L2-L3_Replicate2,331,5,18830.19296,3156.205151
331,0,1,1,0,1,0,0,1,6,10,25098,18878,430.5761321,smFISH_Human_L2-L3_Replicate2,332,5,18580.15291,3367.817936
332,1,1,2,1,2,4,1,2,5,19,12318,18408,-31.42386792,smFISH_Human_L2-L3_Replicate2,333,5,18187.90912,2838.205993
333,1,1,0,2,1,1,1,0,2,9,31376,18596,-247.4238679,smFISH_Human_L2-L3_Replicate2,334,5,18407.27913,2654.149486
334,1,4,1,1,3,6,1,2,12,31,23704,18642,484.5761321,smFISH_Human_L2-L3_Replicate2,335,5,18338.62043,3384.372728
335,0,0,1,0,0,0,0,0,1,2,31520,17290,126.5761321,smFISH_Human_L2-L3_Replicate2,336,4,17058.94632,2820.01276
336,1,0,1,1,0,12,0,0,66,81,20228,17602,448.5761321,smFISH_Human_L2-L3_Replicate2,337,0,17316.94297,3186.70845
337,0,0,1,0,1,10,1,0,57,70,18764,18354,208.5761321,smFISH_Human_L2-L3_Replicate2,338,5,18097.16045,3066.855678
338,1,4,2,2,4,7,1,3,29,53,17018,18324,332.5761321,smFISH_Human_L2-L3_Replicate2,339,5,18048.1993,3184.664022
339,0,1,0,0,0,0,0,0,6,7,16112,18014,426.5761321,smFISH_Human_L2-L3_Replicate2,340,5,17727.33649,3229.195576
340,0,1,3,0,1,0,0,1,26,32,26256,17900,452.5761321,smFISH_Human_L2-L3_Replicate2,341,5,17610.67723,3237.108672
341,0,1,0,0,1,0,0,1,3,6,18834,18912,-363.4238679,smFISH_Human_L2-L3_Replicate2,342,5,18737.49773,2588.82204
342,0,0,0,0,0,0,0,6,0,6,20200,18950,-1561.423868,smFISH_Human_L2-L3_Replicate2,343,5,18961.76495,1411.387449
343,0,1,2,0,0,14,0,2,65,84,26750,18790,-2115.423868,smFISH_Human_L2-L3_Replicate2,344,5,18890.07223,839.2195072
344,0,1,0,0,2,1,0,2,0,6,21002,18402,-2091.423868,smFISH_Human_L2-L3_Replicate2,345,5,18503.07363,802.4488043
345,0,0,0,0,0,5,0,0,6,11,17032,18256,-1863.423868,smFISH_Human_L2-L3_Replicate2,346,5,18323.31984,1004.905163
346,0,0,0,0,0,2,0,1,9,12,17436,18186,-1777.423868,smFISH_Human_L2-L3_Replicate2,347,5,18240.77063,1078.943176
347,0,2,2,0,0,5,0,5,46,60,25834,19034,-2003.423868,smFISH_Human_L2-L3_Replicate2,348,5,19113.63259,987.8827631
348,0,0,0,1,0,1,1,1,2,6,13094,19098,-2277.423868,smFISH_Human_L2-L3_Replicate2,349,5,19219.5586,727.2073334
349,1,0,0,1,0,0,1,0,1,4,19544,19048,-2181.423868,smFISH_Human_L2-L3_Replicate2,350,5,19155.20625,814.2405133
350,0,1,4,0,2,1,0,1,56,65,34386,18282,-2407.423868,smFISH_Human_L2-L3_Replicate2,351,5,18433.79507,471.6067247
351,0,0,1,0,0,1,0,0,8,10,13342,19214,248.5761321,smFISH_Human_L2-L3_Replicate2,352,5,18940.41445,3240.414556
352,1,0,2,1,2,1,1,1,1,10,18148,16934,-2371.423868,smFISH_Human_L2-L3_Replicate2,353,5,17096.65949,297.0546319
353,0,2,0,0,2,0,0,1,0,5,16784,19156,-313.4238679,smFISH_Human_L2-L3_Replicate2,354,5,18970.72201,2676.243082
354,0,0,0,0,0,0,0,0,1,1,9006,19730,-2357.423868,smFISH_Human_L2-L3_Replicate2,355,5,19856.30364,746.694646
355,0,0,0,0,0,3,0,2,7,12,14844,20310,-2157.423868,smFISH_Human_L2-L3_Replicate2,356,5,20398.04078,1034.654488
356,0,0,0,0,0,0,0,0,1,1,22252,19758,-1055.423868,smFISH_Human_L2-L3_Replicate2,357,5,19681.01933,2037.145501
357,1,1,0,0,1,0,1,1,1,6,20616,19494,-957.4238679,smFISH_Human_L2-L3_Replicate2,358,5,19404.97081,2092.798163
358,0,1,1,0,0,0,0,0,0,2,25704,19730,-671.4238679,smFISH_Human_L2-L3_Replicate2,359,5,19593.50766,2412.087775
359,0,2,1,0,15,0,0,0,1,19,18970,19904,-1035.423868,smFISH_Human_L2-L3_Replicate2,360,5,19822.11747,2079.658001
360,4,4,4,3,3,17,3,3,45,86,28770,20060,-1001.423868,smFISH_Human_L2-L3_Replicate2,361,5,19970.91123,2137.558084
361,0,0,0,0,0,1,0,0,0,1,12806,20354,-439.4238679,smFISH_Human_L2-L3_Replicate2,362,5,20173.7192,2738.51476
362,1,3,3,2,2,20,2,4,51,88,36104,19986,-285.4238679,smFISH_Human_L2-L3_Replicate2,363,5,19786.21312,2833.272542
363,1,6,2,3,5,29,2,9,51,108,14673,20688,44.57613208,smFISH_Human_L2-L3_Replicate2,364,5,20428.1961,3268.659559
364,0,0,3,0,1,0,0,0,1,5,17340,20894,122.5761321,smFISH_Human_L2-L3_Replicate2,365,5,20619.52047,3377.815334
365,0,2,0,1,2,11,1,14,67,98,37188,20360,400.5761321,smFISH_Human_L2-L3_Replicate2,366,5,20048.71548,3569.183208
366,0,3,2,4,2,1,1,2,3,18,23626,19670,150.5761321,smFISH_Human_L2-L3_Replicate2,367,5,19406.11627,3214.688838
367,0,0,0,0,0,0,0,0,2,2,20698,19734,-1953.423868,smFISH_Human_L2-L3_Replicate2,368,5,19797.28348,1146.380297
368,3,5,4,6,1,37,7,15,74,152,62188,20396,-1745.423868,smFISH_Human_L2-L3_Replicate2,369,5,20418.77143,1455.02366
369,1,1,0,1,5,1,1,1,3,14,40466,20574,-1455.423868,smFISH_Human_L2-L3_Replicate2,370,5,20549.3937,1769.223952
370,0,0,0,0,0,1,0,0,3,4,15334,20372,-1263.423868,smFISH_Human_L2-L3_Replicate2,371,5,20319.93566,1927.391622
371,0,0,0,0,0,0,0,0,0,0,23816,21254,-1127.423868,smFISH_Human_L2-L3_Replicate2,372,5,21169.95731,2199.206284
372,0,1,3,0,2,20,0,47,132,205,45096,20830,-811.4238679,smFISH_Human_L2-L3_Replicate2,373,5,20701.88482,2445.255355
373,0,0,0,0,0,0,0,0,0,0,19574,21210,-577.4238679,smFISH_Human_L2-L3_Replicate2,374,5,21040.76686,2735.625737
374,2,4,4,0,3,31,1,21,121,187,45758,21610,-509.4238679,smFISH_Human_L2-L3_Replicate2,375,5,21425.2788,2865.142418
375,4,2,5,3,2,38,2,18,124,198,56928,21052,-1399.423868,smFISH_Human_L2-L3_Replicate2,376,5,21012.82272,1899.045122
376,0,0,0,0,0,1,0,0,1,2,26672,21658,-1259.423868,smFISH_Human_L2-L3_Replicate2,377,5,21589.59425,2131.790912
377,2,2,2,1,7,1,1,4,5,25,37774,20660,-159.4238679,smFISH_Human_L2-L3_Replicate2,378,5,20432.3357,3062.788571
378,4,2,5,0,2,19,0,27,99,158,32580,21506,-161.4238679,smFISH_Human_L2-L3_Replicate2,379,5,21268.30734,3192.678614
379,0,1,0,0,1,0,0,0,0,2,23936,21986,-1609.423868,smFISH_Human_L2-L3_Replicate2,380,5,21968.13965,1837.193929
380,4,6,1,2,1,16,3,8,62,103,25462,21674,-1955.423868,smFISH_Human_L2-L3_Replicate2,381,5,21713.88387,1446.791575
381,2,0,0,2,1,0,3,2,2,12,16456,21270,-1975.423868,smFISH_Human_L2-L3_Replicate2,382,5,21317.93909,1364.064743
382,0,0,1,0,0,3,0,4,9,17,28078,20904,-1579.423868,smFISH_Human_L2-L3_Replicate2,383,5,20894.68814,1698.176458
383,1,0,1,0,0,5,0,5,25,37,16224,20626,-527.4238679,smFISH_Human_L2-L3_Replicate2,384,5,20456.11124,2693.986831
384,0,0,0,0,0,0,0,1,9,10,16618,22018,-185.4238679,smFISH_Human_L2-L3_Replicate2,385,5,21777.79036,3248.777136
385,1,0,0,0,1,2,1,1,11,17,27062,21404,412.5761321,smFISH_Human_L2-L3_Replicate2,386,5,21078.08492,3743.7643
386,1,1,0,3,1,2,1,0,0,9,27196,22072,-1855.423868,smFISH_Human_L2-L3_Replicate2,387,5,22091.43243,1607.605403
387,3,4,1,3,3,0,3,3,1,21,12442,21414,-1179.423868,smFISH_Human_L2-L3_Replicate2,388,5,21336.10694,2172.780966
388,1,1,1,1,1,0,1,1,0,7,14022,21532,-1141.423868,smFISH_Human_L2-L3_Replicate2,389,5,21446.74167,2228.709118
389,0,0,1,0,1,0,0,2,2,6,15820,21078,-295.4238679,smFISH_Human_L2-L3_Replicate2,390,5,20866.42501,2993.604262
390,0,0,1,0,0,1,0,1,9,12,12946,21006,-227.4238679,smFISH_Human_L2-L3_Replicate2,391,5,20784.70589,3049.550538
391,1,0,0,0,1,1,1,1,2,7,16844,22210,-1317.423868,smFISH_Human_L2-L3_Replicate2,392,0,22143.88795,2160.539773
392,1,2,1,0,2,4,1,5,28,44,19740,22178,-2489.423868,smFISH_Human_L2-L3_Replicate2,393,0,22294.95812,997.8765356
393,0,0,1,0,0,0,0,0,0,1,14528,21646,-2471.423868,smFISH_Human_L2-L3_Replicate2,394,5,21766.65476,932.7339585
394,1,0,1,0,0,2,0,4,22,30,13718,21530,-1983.423868,smFISH_Human_L2-L3_Replicate2,395,5,21576.00823,1396.688593
395,0,2,0,0,0,12,0,1,19,34,13716,19418,268.5761321,smFISH_Human_L2-L3_Replicate2,396,5,19138.8037,3291.967487
396,0,0,0,0,0,3,0,0,7,10,11138,19540,302.5761321,smFISH_Human_L2-L3_Replicate2,397,5,19254.01301,3344.568007
397,0,0,1,0,0,0,1,0,2,4,14736,19400,-1451.423868,smFISH_Human_L2-L3_Replicate2,398,5,19389.11925,1590.184267
398,1,2,0,1,1,0,1,1,3,10,20256,14680,584.5761321,smFISH_Human_L2-L3_Replicate2,399,4,14409.45841,2865.595527
399,2,1,2,1,1,23,2,0,118,150,46092,16838,498.5761321,smFISH_Human_L2-L3_Replicate2,400,4,16554.48736,3117.013034
